Resource,Derating_Factor_1
OTH_4100_2,0.95
OTH_4100_1,0.95
OTH_4069_3,0.95
OTH_7312_1,0.95
OTH_7086_1,0.95
OTH_13408_1,0.95
OTH_13407_1,0.95
OTH_13407_2,0.95
OBL_4090_1,0.95
OBL_8099_1,0.95
OBL_13398_1,0.95
NUC_5263_2,0.95
NUC_7099_2,0.95
NUC_7098_1,0.95
NUC_5262_1,0.95
NG_6233_2,0.95
NG_6233_1,0.95
NG_13270_3,0.95
NG_13270_4,0.95
NG_6182_4,0.95
NG_6182_3,0.95
NG_12577_1,0.95
NG_6182_2,0.95
NG_12574_1,0.95
NG_6175_3,0.95
NG_6175_2,0.95
NG_4085_4,0.95
NG_6175_1,0.95
NG_12561_1,0.95
NG_4084_3,0.95
NG_6166_1,0.95
NG_4083_1,0.95
NG_1050_1,0.95
NG_4082_2,0.95
NG_12549_1,0.95
NG_6164_1,0.95
NG_4077_1,0.95
NG_2119_1,0.95
NG_6165_1,0.95
NG_13253_2,0.95
NG_6167_1,0.95
NG_12562_1,0.95
NG_12563_1,0.95
NG_13253_1,0.95
NG_6175_4,0.95
NG_13287_3,0.95
NG_12537_2,0.95
NG_1077_1,0.95
NG_6106_1,0.95
NG_13270_1,0.95
NG_4075_1,0.95
NG_13296_6,0.95
NG_13287_2,0.95
NG_6105_1,0.95
NG_12530_5,0.95
NG_12529_4,0.95
NG_6104_1,0.95
NG_12527_1,0.95
NG_12526_1,0.95
NG_6101_1,0.95
NG_2117_1,0.95
NG_12574_2,0.95
NG_1049_1,0.95
NG_12517_1,0.95
NG_2116_1,0.95
NG_1076_1,0.95
NG_13410_1,0.95
NG_13296_9,0.95
NG_6074_1,0.95
NG_6073_1,0.95
NG_12508_U1,0.95
NG_6072_1,0.95
NG_2115_1,0.95
NG_12506_1,0.95
NG_13312_2,0.95
NG_13312_1,0.95
NG_1075_1,0.95
NG_6069_1,0.95
NG_8158_3,0.95
NG_4060_1,0.95
NG_8158_2,0.95
NG_8152_7,0.95
NG_13417_1,0.95
NG_6008_2,0.95
NG_13126_6,0.95
NG_13126_5,0.95
NG_8139_2,0.95
NG_4059_1,0.95
NG_13312_3,0.95
NG_8139_1,0.95
NG_8116_1,0.95
NG_6007_1,0.95
NG_8115_1,0.95
NG_6006_3,0.95
NG_4058_1,0.95
NG_4052_1,0.95
NG_8080_1,0.95
NG_8079_1,0.95
NG_8078_1,0.95
NG_1048_1,0.95
NG_8051_1,0.95
NG_8050_1,0.95
NG_8049_1,0.95
NG_8046_1,0.95
NG_2103_1,0.95
NG_7414_2,0.95
NG_7414_1,0.95
NG_12597_1,0.95
NG_4035_1,0.95
NG_7400_81,0.95
NG_7400_74,0.95
NG_5326_7,0.95
NG_1073_1,0.95
NG_5325_6,0.95
NG_7392_1,0.95
NG_5324_8,0.95
NG_12994_1,0.95
NG_7357_1,0.95
NG_7353_4,0.95
NG_1072_1,0.95
NG_6233_3,0.95
NG_6182_1,0.95
NG_12958_1,0.95
NG_5282_1,0.95
NG_2085_1,0.95
NG_13356_2,0.95
NG_13356_1,0.95
NG_7307_1,0.95
NG_13357_2,0.95
NG_2084_1,0.95
NG_13357_1,0.95
NG_13355_2,0.95
NG_5207_1,0.95
NG_7184_8,0.95
NG_2083_1,0.95
NG_13358_2,0.95
NG_7184_7,0.95
NG_7184_6,0.95
NG_7184_5,0.95
NG_7184_4,0.95
NG_7184_3,0.95
NG_7184_2,0.95
NG_7184_1,0.95
NG_7170_31,0.95
NG_2082_1,0.95
NG_13355_1,0.95
NG_7169_56,0.95
NG_7168_55,0.95
NG_7167_54,0.95
NG_12862_1,0.95
NG_12861_6,0.95
NG_7166_53,0.95
NG_12861_5,0.95
NG_12861_4,0.95
NG_7165_52,0.95
NG_12861_3,0.95
NG_12861_2,0.95
NG_7164_51,0.95
NG_12861_1,0.95
NG_12862_2,0.95
NG_12862_3,0.95
NG_12862_4,0.95
NG_12862_5,0.95
NG_12862_6,0.95
NG_7159_8,0.95
NG_7159_44,0.95
NG_7159_43,0.95
NG_7159_42,0.95
NG_7159_41,0.95
NG_7159_34,0.95
NG_7159_33,0.95
NG_7159_32,0.95
NG_7144_1,0.95
NG_12806_1,0.95
NG_7137_1,0.95
NG_12805_1,0.95
NG_7136_1,0.95
NG_7135_1,0.95
NG_7133_1,0.95
NG_6277_G1,0.95
NG_1063_1,0.95
NG_5012_9,0.95
NG_5012_8,0.95
NG_12761_6,0.95
NG_12761_5,0.95
NG_12761_4,0.95
NG_12761_3,0.95
NG_12761_2,0.95
NG_5012_7,0.95
NG_12761_1,0.95
NG_5012_6,0.95
NG_5012_5,0.95
NG_12743_8,0.95
NG_12743_7,0.95
NG_12743_6,0.95
NG_5012_4,0.95
NG_12743_5,0.95
NG_12961_6,0.95
NG_12743_4,0.95
NG_12743_3,0.95
NG_12743_2,0.95
NG_5012_3,0.95
NG_1062_1,0.95
NG_12743_1,0.95
NG_12742_8,0.95
NG_12742_7,0.95
NG_12742_6,0.95
NG_5012_2,0.95
NG_12742_5,0.95
NG_12742_4,0.95
NG_7058_5,0.95
NG_7355_1,0.95
NG_12742_3,0.95
NG_12742_2,0.95
NG_7058_4,0.95
NG_5012_12,0.95
NG_12742_1,0.95
NG_12998_1,0.95
NG_12741_1,0.95
NG_12740_1,0.95
NG_5012_11,0.95
NG_7058_1,0.95
NG_7400_73,0.95
NG_13016_1,0.95
NG_7054_2,0.95
NG_5012_10,0.95
NG_13377_7,0.95
NG_7054_1,0.95
NG_12729_3,0.95
NG_7400_84,0.95
NG_5012_1,0.95
NG_7034_1,0.95
NG_12622_ST,0.95
NG_7033_1,0.95
NG_7032_1,0.95
NG_7031_1,0.95
NG_4162_9,0.95
NG_7029_3,0.95
NG_13406_1,0.95
NG_12706_1,0.95
NG_12705_1,0.95
NG_7029_2,0.95
NG_12702_1,0.95
NG_7029_1,0.95
NG_4161_8,0.95
NG_12701_1,0.95
NG_7024_10,0.95
NG_12692_1,0.95
NG_12689_9,0.95
NG_12689_8,0.95
NG_12689_7,0.95
NG_12689_6,0.95
NG_1074_1,0.95
NG_12689_5,0.95
NG_2024_1,0.95
NG_13377_6A,0.95
NG_12689_4,0.95
NG_12689_3,0.95
NG_7007_1,0.95
NG_12689_2,0.95
NG_12689_10,0.95
NG_12689_1,0.95
NG_7005_1,0.95
NG_4116_5,0.95
NG_6304_U3,0.95
NG_6302_U2,0.95
NG_13126_7,0.95
NG_2023_1,0.95
NG_6301_U4,0.95
NG_12623_1,0.95
NG_12673_1,0.95
NG_6297_1,0.95
NG_12672_1,0.95
NG_12671_1,0.95
NG_6296_1,0.95
NG_12670_1,0.95
NG_12669_1,0.95
NG_4103_9,0.95
NG_12507_1,0.95
NG_1052_1,0.95
NG_6277_G7,0.95
NG_6277_G6,0.95
NG_6277_G5,0.95
NG_4103_7,0.95
NG_6277_G4,0.95
NG_4103_6,0.95
NG_12645_1,0.95
NG_6277_G2,0.95
NG_12644_1,0.95
NG_4103_5,0.95
NG_6260_1,0.95
NG_4103_4,0.95
NG_12628_1,0.95
NG_6259_1,0.95
NG_12627_1,0.95
NG_12626_1,0.95
NG_6258_5C,0.95
NG_4103_3,0.95
NG_6257_5A,0.95
NG_1051_1,0.95
NG_6254_4,0.95
NG_13377_8,0.95
NG_4103_2,0.95
NG_12616_1,0.95
NG_6254_3,0.95
NG_12614_1,0.95
NG_12612_2,0.95
NG_4103_12,0.95
NG_2118_1,0.95
NG_12611_1,0.95
NG_12610_3,0.95
NG_6254_1,0.95
NG_13358_1,0.95
NG_4103_11,0.95
NG_6242_1,0.95
NG_6233_4,0.95
NG_4103_10,0.95
NG_12643_1,0.95
NG_13253_4,0.95
NG_13376_1,0.95
DFO_4069_2,0.95
DFO_4069_1,0.95
DFO_5049_1,0.95
DFO_12727_1,0.95
DFO_12726_1,0.95
DFO_12725_1,0.95
DFO_12723_1,0.95
DFO_12722_1,0.95
BIT_12525_1,0.95
BIT_12524_2,0.95
BIT_6080_3,0.95
BIT_6079_2,0.95
BIT_6078_1,0.95
BIT_12504_1,0.95
BIT_12503_3,0.95
BIT_12502_2,0.95
BIT_8088_1,0.95
BIT_8087_1,0.95
BIT_8071_1,0.95
BIT_8070_2,0.95
BIT_5360_1,0.95
BIT_4030_1,0.95
BIT_4026_1,0.95
BIT_7349_5,0.95
BIT_12777_1,0.95
BIT_12776_2,0.95
NG_CT_13246_GF,0.95
NG_CCGT_13246_GF,0.95
COAL_13246_GF,0.95
NUC_13246_GF,0.95
NG_CT_13205_GF,0.95
NG_CCGT_13205_GF,0.95
COAL_13205_GF,0.95
NUC_13205_GF,0.95
NG_CT_3017_GF,0.95
NG_CCGT_3017_GF,0.95
COAL_3017_GF,0.95
NUC_3017_GF,0.95
NG_CT_13248_GF,0.95
NG_CCGT_13248_GF,0.95
COAL_13248_GF,0.95
NUC_13248_GF,0.95
NG_CT_13195_GF,0.95
NG_CCGT_13195_GF,0.95
COAL_13195_GF,0.95
NUC_13195_GF,0.95
NG_CT_13143_GF,0.95
NG_CCGT_13143_GF,0.95
COAL_13143_GF,0.95
NUC_13143_GF,0.95
NG_CT_13076_GF,0.95
NG_CCGT_13076_GF,0.95
COAL_13076_GF,0.95
NUC_13076_GF,0.95
NG_CT_13288_GF,0.95
NG_CCGT_13288_GF,0.95
COAL_13288_GF,0.95
NUC_13288_GF,0.95
NG_CT_3020_GF,0.95
NG_CCGT_3020_GF,0.95
COAL_3020_GF,0.95
NUC_3020_GF,0.95
NG_CT_13396_GF,0.95
NG_CCGT_13396_GF,0.95
COAL_13396_GF,0.95
NUC_13396_GF,0.95
NG_CT_13035_GF,0.95
NG_CCGT_13035_GF,0.95
COAL_13035_GF,0.95
NUC_13035_GF,0.95
NG_CT_13132_GF,0.95
NG_CCGT_13132_GF,0.95
COAL_13132_GF,0.95
NUC_13132_GF,0.95
NG_CT_13258_GF,0.95
NG_CCGT_13258_GF,0.95
COAL_13258_GF,0.95
NUC_13258_GF,0.95
NG_CT_3062_GF,0.95
NG_CCGT_3062_GF,0.95
COAL_3062_GF,0.95
NUC_3062_GF,0.95
NG_CT_5170_GF,0.95
NG_CCGT_5170_GF,0.95
COAL_5170_GF,0.95
NUC_5170_GF,0.95
NG_CT_13033_GF,0.95
NG_CCGT_13033_GF,0.95
COAL_13033_GF,0.95
NUC_13033_GF,0.95
NG_CT_12595_GF,0.95
NG_CCGT_12595_GF,0.95
COAL_12595_GF,0.95
NUC_12595_GF,0.95
NG_CT_4010_GF,0.95
NG_CCGT_4010_GF,0.95
COAL_4010_GF,0.95
NUC_4010_GF,0.95
NG_CT_2062_GF,0.95
NG_CCGT_2062_GF,0.95
COAL_2062_GF,0.95
NUC_2062_GF,0.95
NG_CT_4166_GF,0.95
NG_CCGT_4166_GF,0.95
COAL_4166_GF,0.95
NUC_4166_GF,0.95
NG_CT_13240_GF,0.95
NG_CCGT_13240_GF,0.95
COAL_13240_GF,0.95
NUC_13240_GF,0.95
NG_CT_2013_GF,0.95
NG_CCGT_2013_GF,0.95
COAL_2013_GF,0.95
NUC_2013_GF,0.95
NG_CT_13208_GF,0.95
NG_CCGT_13208_GF,0.95
COAL_13208_GF,0.95
NUC_13208_GF,0.95
NG_CT_13042_GF,0.95
NG_CCGT_13042_GF,0.95
COAL_13042_GF,0.95
NUC_13042_GF,0.95
NG_CT_13262_GF,0.95
NG_CCGT_13262_GF,0.95
COAL_13262_GF,0.95
NUC_13262_GF,0.95
NG_CT_13284_GF,0.95
NG_CCGT_13284_GF,0.95
COAL_13284_GF,0.95
NUC_13284_GF,0.95
NG_CT_13283_GF,0.95
NG_CCGT_13283_GF,0.95
COAL_13283_GF,0.95
NUC_13283_GF,0.95
NG_CT_3113_GF,0.95
NG_CCGT_3113_GF,0.95
COAL_3113_GF,0.95
NUC_3113_GF,0.95
NG_CT_12907_GF,0.95
NG_CCGT_12907_GF,0.95
COAL_12907_GF,0.95
NUC_12907_GF,0.95
NG_CT_13405_GF,0.95
NG_CCGT_13405_GF,0.95
COAL_13405_GF,0.95
NUC_13405_GF,0.95
NG_CT_1067_GF,0.95
NG_CCGT_1067_GF,0.95
COAL_1067_GF,0.95
NUC_1067_GF,0.95
NG_CT_12631_GF,0.95
NG_CCGT_12631_GF,0.95
COAL_12631_GF,0.95
NUC_12631_GF,0.95
NG_CT_12960_GF,0.95
NG_CCGT_12960_GF,0.95
COAL_12960_GF,0.95
NUC_12960_GF,0.95
NG_CT_12985_GF,0.95
NG_CCGT_12985_GF,0.95
COAL_12985_GF,0.95
NUC_12985_GF,0.95
NG_CT_2099_GF,0.95
NG_CCGT_2099_GF,0.95
COAL_2099_GF,0.95
NUC_2099_GF,0.95
NG_CT_3122_GF,0.95
NG_CCGT_3122_GF,0.95
COAL_3122_GF,0.95
NUC_3122_GF,0.95
NG_CT_13066_GF,0.95
NG_CCGT_13066_GF,0.95
COAL_13066_GF,0.95
NUC_13066_GF,0.95
NG_CT_4153_GF,0.95
NG_CCGT_4153_GF,0.95
COAL_4153_GF,0.95
NUC_4153_GF,0.95
NG_CT_3117_GF,0.95
NG_CCGT_3117_GF,0.95
COAL_3117_GF,0.95
NUC_3117_GF,0.95
NG_CT_13419_GF,0.95
NG_CCGT_13419_GF,0.95
COAL_13419_GF,0.95
NUC_13419_GF,0.95
NG_CT_12964_GF,0.95
NG_CCGT_12964_GF,0.95
COAL_12964_GF,0.95
NUC_12964_GF,0.95
NG_CT_13150_GF,0.95
NG_CCGT_13150_GF,0.95
COAL_13150_GF,0.95
NUC_13150_GF,0.95
NG_CT_12737_GF,0.95
NG_CCGT_12737_GF,0.95
COAL_12737_GF,0.95
NUC_12737_GF,0.95
NG_CT_12753_GF,0.95
NG_CCGT_12753_GF,0.95
COAL_12753_GF,0.95
NUC_12753_GF,0.95
NG_CT_12638_GF,0.95
NG_CCGT_12638_GF,0.95
COAL_12638_GF,0.95
NUC_12638_GF,0.95
NG_CT_1090_GF,0.95
NG_CCGT_1090_GF,0.95
COAL_1090_GF,0.95
NUC_1090_GF,0.95
NG_CT_13172_GF,0.95
NG_CCGT_13172_GF,0.95
COAL_13172_GF,0.95
NUC_13172_GF,0.95
NG_CT_13201_GF,0.95
NG_CCGT_13201_GF,0.95
COAL_13201_GF,0.95
NUC_13201_GF,0.95
NG_CT_13299_GF,0.95
NG_CCGT_13299_GF,0.95
COAL_13299_GF,0.95
NUC_13299_GF,0.95
NG_CT_13130_GF,0.95
NG_CCGT_13130_GF,0.95
COAL_13130_GF,0.95
NUC_13130_GF,0.95
NG_CT_13180_GF,0.95
NG_CCGT_13180_GF,0.95
COAL_13180_GF,0.95
NUC_13180_GF,0.95
NG_CT_12594_GF,0.95
NG_CCGT_12594_GF,0.95
COAL_12594_GF,0.95
NUC_12594_GF,0.95
NG_CT_13048_GF,0.95
NG_CCGT_13048_GF,0.95
COAL_13048_GF,0.95
NUC_13048_GF,0.95
NG_CT_12868_GF,0.95
NG_CCGT_12868_GF,0.95
COAL_12868_GF,0.95
NUC_12868_GF,0.95
NG_CT_3068_GF,0.95
NG_CCGT_3068_GF,0.95
COAL_3068_GF,0.95
NUC_3068_GF,0.95
NG_CT_13365_GF,0.95
NG_CCGT_13365_GF,0.95
COAL_13365_GF,0.95
NUC_13365_GF,0.95
NG_CT_13353_GF,0.95
NG_CCGT_13353_GF,0.95
COAL_13353_GF,0.95
NUC_13353_GF,0.95
NG_CT_1035_GF,0.95
NG_CCGT_1035_GF,0.95
COAL_1035_GF,0.95
NUC_1035_GF,0.95
NG_CT_13263_GF,0.95
NG_CCGT_13263_GF,0.95
COAL_13263_GF,0.95
NUC_13263_GF,0.95
NG_CT_5020_GF,0.95
NG_CCGT_5020_GF,0.95
COAL_5020_GF,0.95
NUC_5020_GF,0.95
NG_CT_12609_GF,0.95
NG_CCGT_12609_GF,0.95
COAL_12609_GF,0.95
NUC_12609_GF,0.95
NG_CT_12792_GF,0.95
NG_CCGT_12792_GF,0.95
COAL_12792_GF,0.95
NUC_12792_GF,0.95
NG_CT_3092_GF,0.95
NG_CCGT_3092_GF,0.95
COAL_3092_GF,0.95
NUC_3092_GF,0.95
NG_CT_12821_GF,0.95
NG_CCGT_12821_GF,0.95
COAL_12821_GF,0.95
NUC_12821_GF,0.95
NG_CT_13308_GF,0.95
NG_CCGT_13308_GF,0.95
COAL_13308_GF,0.95
NUC_13308_GF,0.95
NG_CT_12848_GF,0.95
NG_CCGT_12848_GF,0.95
COAL_12848_GF,0.95
NUC_12848_GF,0.95
NG_CT_12884_GF,0.95
NG_CCGT_12884_GF,0.95
COAL_12884_GF,0.95
NUC_12884_GF,0.95
NG_CT_12930_GF,0.95
NG_CCGT_12930_GF,0.95
COAL_12930_GF,0.95
NUC_12930_GF,0.95
NG_CT_13367_GF,0.95
NG_CCGT_13367_GF,0.95
COAL_13367_GF,0.95
NUC_13367_GF,0.95
NG_CT_2078_GF,0.95
NG_CCGT_2078_GF,0.95
COAL_2078_GF,0.95
NUC_2078_GF,0.95
NG_CT_3115_GF,0.95
NG_CCGT_3115_GF,0.95
COAL_3115_GF,0.95
NUC_3115_GF,0.95
NG_CT_1039_GF,0.95
NG_CCGT_1039_GF,0.95
COAL_1039_GF,0.95
NUC_1039_GF,0.95
NG_CT_13054_GF,0.95
NG_CCGT_13054_GF,0.95
COAL_13054_GF,0.95
NUC_13054_GF,0.95
NG_CT_12971_GF,0.95
NG_CCGT_12971_GF,0.95
COAL_12971_GF,0.95
NUC_12971_GF,0.95
NG_CT_12818_GF,0.95
NG_CCGT_12818_GF,0.95
COAL_12818_GF,0.95
NUC_12818_GF,0.95
NG_CT_13158_GF,0.95
NG_CCGT_13158_GF,0.95
COAL_13158_GF,0.95
NUC_13158_GF,0.95
NG_CT_3060_GF,0.95
NG_CCGT_3060_GF,0.95
COAL_3060_GF,0.95
NUC_3060_GF,0.95
NG_CT_3081_GF,0.95
NG_CCGT_3081_GF,0.95
COAL_3081_GF,0.95
NUC_3081_GF,0.95
NG_CT_12956_GF,0.95
NG_CCGT_12956_GF,0.95
COAL_12956_GF,0.95
NUC_12956_GF,0.95
NG_CT_13374_GF,0.95
NG_CCGT_13374_GF,0.95
COAL_13374_GF,0.95
NUC_13374_GF,0.95
NG_CT_13047_GF,0.95
NG_CCGT_13047_GF,0.95
COAL_13047_GF,0.95
NUC_13047_GF,0.95
NG_CT_13060_GF,0.95
NG_CCGT_13060_GF,0.95
COAL_13060_GF,0.95
NUC_13060_GF,0.95
NG_CT_13030_GF,0.95
NG_CCGT_13030_GF,0.95
COAL_13030_GF,0.95
NUC_13030_GF,0.95
NG_CT_2042_GF,0.95
NG_CCGT_2042_GF,0.95
COAL_2042_GF,0.95
NUC_2042_GF,0.95
NG_CT_1006_GF,0.95
NG_CCGT_1006_GF,0.95
COAL_1006_GF,0.95
NUC_1006_GF,0.95
NG_CT_3056_GF,0.95
NG_CCGT_3056_GF,0.95
COAL_3056_GF,0.95
NUC_3056_GF,0.95
NG_CT_12745_GF,0.95
NG_CCGT_12745_GF,0.95
COAL_12745_GF,0.95
NUC_12745_GF,0.95
NG_CT_13129_GF,0.95
NG_CCGT_13129_GF,0.95
COAL_13129_GF,0.95
NUC_13129_GF,0.95
NG_CT_13156_GF,0.95
NG_CCGT_13156_GF,0.95
COAL_13156_GF,0.95
NUC_13156_GF,0.95
NG_CT_13392_GF,0.95
NG_CCGT_13392_GF,0.95
COAL_13392_GF,0.95
NUC_13392_GF,0.95
NG_CT_13011_GF,0.95
NG_CCGT_13011_GF,0.95
COAL_13011_GF,0.95
NUC_13011_GF,0.95
NG_CT_13168_GF,0.95
NG_CCGT_13168_GF,0.95
COAL_13168_GF,0.95
NUC_13168_GF,0.95
NG_CT_3061_GF,0.95
NG_CCGT_3061_GF,0.95
COAL_3061_GF,0.95
NUC_3061_GF,0.95
NG_CT_3065_GF,0.95
NG_CCGT_3065_GF,0.95
COAL_3065_GF,0.95
NUC_3065_GF,0.95
NG_CT_1026_GF,0.95
NG_CCGT_1026_GF,0.95
COAL_1026_GF,0.95
NUC_1026_GF,0.95
NG_CT_13279_GF,0.95
NG_CCGT_13279_GF,0.95
COAL_13279_GF,0.95
NUC_13279_GF,0.95
NG_CT_13068_GF,0.95
NG_CCGT_13068_GF,0.95
COAL_13068_GF,0.95
NUC_13068_GF,0.95
NG_CT_13112_GF,0.95
NG_CCGT_13112_GF,0.95
COAL_13112_GF,0.95
NUC_13112_GF,0.95
NG_CT_13290_GF,0.95
NG_CCGT_13290_GF,0.95
COAL_13290_GF,0.95
NUC_13290_GF,0.95
NG_CT_13199_GF,0.95
NG_CCGT_13199_GF,0.95
COAL_13199_GF,0.95
NUC_13199_GF,0.95
NG_CT_3004_GF,0.95
NG_CCGT_3004_GF,0.95
COAL_3004_GF,0.95
NUC_3004_GF,0.95
NG_CT_13409_GF,0.95
NG_CCGT_13409_GF,0.95
COAL_13409_GF,0.95
NUC_13409_GF,0.95
NG_CT_13170_GF,0.95
NG_CCGT_13170_GF,0.95
COAL_13170_GF,0.95
NUC_13170_GF,0.95
NG_CT_13197_GF,0.95
NG_CCGT_13197_GF,0.95
COAL_13197_GF,0.95
NUC_13197_GF,0.95
NG_CT_13056_GF,0.95
NG_CCGT_13056_GF,0.95
COAL_13056_GF,0.95
NUC_13056_GF,0.95
NG_CT_3063_GF,0.95
NG_CCGT_3063_GF,0.95
COAL_3063_GF,0.95
NUC_3063_GF,0.95
NG_CT_12733_GF,0.95
NG_CCGT_12733_GF,0.95
COAL_12733_GF,0.95
NUC_12733_GF,0.95
NG_CT_4177_GF,0.95
NG_CCGT_4177_GF,0.95
COAL_4177_GF,0.95
NUC_4177_GF,0.95
NG_CT_13185_GF,0.95
NG_CCGT_13185_GF,0.95
COAL_13185_GF,0.95
NUC_13185_GF,0.95
NG_CT_13043_GF,0.95
NG_CCGT_13043_GF,0.95
COAL_13043_GF,0.95
NUC_13043_GF,0.95
NG_CT_13017_GF,0.95
NG_CCGT_13017_GF,0.95
COAL_13017_GF,0.95
NUC_13017_GF,0.95
NG_CT_3074_GF,0.95
NG_CCGT_3074_GF,0.95
COAL_3074_GF,0.95
NUC_3074_GF,0.95
NG_CT_2091_GF,0.95
NG_CCGT_2091_GF,0.95
COAL_2091_GF,0.95
NUC_2091_GF,0.95
NG_CT_2089_GF,0.95
NG_CCGT_2089_GF,0.95
COAL_2089_GF,0.95
NUC_2089_GF,0.95
NG_CT_1023_GF,0.95
NG_CCGT_1023_GF,0.95
COAL_1023_GF,0.95
NUC_1023_GF,0.95
NG_CT_12966_GF,0.95
NG_CCGT_12966_GF,0.95
COAL_12966_GF,0.95
NUC_12966_GF,0.95
NG_CT_13014_GF,0.95
NG_CCGT_13014_GF,0.95
COAL_13014_GF,0.95
NUC_13014_GF,0.95
NG_CT_12940_GF,0.95
NG_CCGT_12940_GF,0.95
COAL_12940_GF,0.95
NUC_12940_GF,0.95
NG_CT_12773_GF,0.95
NG_CCGT_12773_GF,0.95
COAL_12773_GF,0.95
NUC_12773_GF,0.95
NG_CT_12802_GF,0.95
NG_CCGT_12802_GF,0.95
COAL_12802_GF,0.95
NUC_12802_GF,0.95
NG_CT_13058_GF,0.95
NG_CCGT_13058_GF,0.95
COAL_13058_GF,0.95
NUC_13058_GF,0.95
NG_CT_3086_GF,0.95
NG_CCGT_3086_GF,0.95
COAL_3086_GF,0.95
NUC_3086_GF,0.95
NG_CT_3087_GF,0.95
NG_CCGT_3087_GF,0.95
COAL_3087_GF,0.95
NUC_3087_GF,0.95
NG_CT_12809_GF,0.95
NG_CCGT_12809_GF,0.95
COAL_12809_GF,0.95
NUC_12809_GF,0.95
NG_CT_12815_GF,0.95
NG_CCGT_12815_GF,0.95
COAL_12815_GF,0.95
NUC_12815_GF,0.95
NG_CT_1066_GF,0.95
NG_CCGT_1066_GF,0.95
COAL_1066_GF,0.95
NUC_1066_GF,0.95
NG_CT_13352_GF,0.95
NG_CCGT_13352_GF,0.95
COAL_13352_GF,0.95
NUC_13352_GF,0.95
NG_CT_12959_GF,0.95
NG_CCGT_12959_GF,0.95
COAL_12959_GF,0.95
NUC_12959_GF,0.95
NG_CT_12908_GF,0.95
NG_CCGT_12908_GF,0.95
COAL_12908_GF,0.95
NUC_12908_GF,0.95
NG_CT_12756_GF,0.95
NG_CCGT_12756_GF,0.95
COAL_12756_GF,0.95
NUC_12756_GF,0.95
NG_CT_12899_GF,0.95
NG_CCGT_12899_GF,0.95
COAL_12899_GF,0.95
NUC_12899_GF,0.95
NG_CT_3098_GF,0.95
NG_CCGT_3098_GF,0.95
COAL_3098_GF,0.95
NUC_3098_GF,0.95
NG_CT_13362_GF,0.95
NG_CCGT_13362_GF,0.95
COAL_13362_GF,0.95
NUC_13362_GF,0.95
NG_CT_1021_GF,0.95
NG_CCGT_1021_GF,0.95
COAL_1021_GF,0.95
NUC_1021_GF,0.95
NG_CT_13360_GF,0.95
NG_CCGT_13360_GF,0.95
COAL_13360_GF,0.95
NUC_13360_GF,0.95
NG_CT_3112_GF,0.95
NG_CCGT_3112_GF,0.95
COAL_3112_GF,0.95
NUC_3112_GF,0.95
NG_CT_13160_GF,0.95
NG_CCGT_13160_GF,0.95
COAL_13160_GF,0.95
NUC_13160_GF,0.95
NG_CT_12845_GF,0.95
NG_CCGT_12845_GF,0.95
COAL_12845_GF,0.95
NUC_12845_GF,0.95
NG_CT_12938_GF,0.95
NG_CCGT_12938_GF,0.95
COAL_12938_GF,0.95
NUC_12938_GF,0.95
NG_CT_12856_GF,0.95
NG_CCGT_12856_GF,0.95
COAL_12856_GF,0.95
NUC_12856_GF,0.95
NG_CT_12859_GF,0.95
NG_CCGT_12859_GF,0.95
COAL_12859_GF,0.95
NUC_12859_GF,0.95
NG_CT_12839_GF,0.95
NG_CCGT_12839_GF,0.95
COAL_12839_GF,0.95
NUC_12839_GF,0.95
NG_CT_3095_GF,0.95
NG_CCGT_3095_GF,0.95
COAL_3095_GF,0.95
NUC_3095_GF,0.95
NG_CT_12812_GF,0.95
NG_CCGT_12812_GF,0.95
COAL_12812_GF,0.95
NUC_12812_GF,0.95
NG_CT_12800_GF,0.95
NG_CCGT_12800_GF,0.95
COAL_12800_GF,0.95
NUC_12800_GF,0.95
NG_CT_12977_GF,0.95
NG_CCGT_12977_GF,0.95
COAL_12977_GF,0.95
NUC_12977_GF,0.95
NG_CT_2071_GF,0.95
NG_CCGT_2071_GF,0.95
COAL_2071_GF,0.95
NUC_2071_GF,0.95
NG_CT_13005_GF,0.95
NG_CCGT_13005_GF,0.95
COAL_13005_GF,0.95
NUC_13005_GF,0.95
NG_CT_12957_GF,0.95
NG_CCGT_12957_GF,0.95
COAL_12957_GF,0.95
NUC_12957_GF,0.95
NG_CT_12941_GF,0.95
NG_CCGT_12941_GF,0.95
COAL_12941_GF,0.95
NUC_12941_GF,0.95
NG_CT_13372_GF,0.95
NG_CCGT_13372_GF,0.95
COAL_13372_GF,0.95
NUC_13372_GF,0.95
NG_CT_3039_GF,0.95
NG_CCGT_3039_GF,0.95
COAL_3039_GF,0.95
NUC_3039_GF,0.95
NG_CT_13062_GF,0.95
NG_CCGT_13062_GF,0.95
COAL_13062_GF,0.95
NUC_13062_GF,0.95
NG_CT_13049_GF,0.95
NG_CCGT_13049_GF,0.95
COAL_13049_GF,0.95
NUC_13049_GF,0.95
NG_CT_1042_GF,0.95
NG_CCGT_1042_GF,0.95
COAL_1042_GF,0.95
NUC_1042_GF,0.95
NG_CT_3034_GF,0.95
NG_CCGT_3034_GF,0.95
COAL_3034_GF,0.95
NUC_3034_GF,0.95
NG_CT_13350_GF,0.95
NG_CCGT_13350_GF,0.95
COAL_13350_GF,0.95
NUC_13350_GF,0.95
NG_CT_3071_GF,0.95
NG_CCGT_3071_GF,0.95
COAL_3071_GF,0.95
NUC_3071_GF,0.95
NG_CT_12734_GF,0.95
NG_CCGT_12734_GF,0.95
COAL_12734_GF,0.95
NUC_12734_GF,0.95
NG_CT_1057_GF,0.95
NG_CCGT_1057_GF,0.95
COAL_1057_GF,0.95
NUC_1057_GF,0.95
NG_CT_13037_GF,0.95
NG_CCGT_13037_GF,0.95
COAL_13037_GF,0.95
NUC_13037_GF,0.95
NG_CT_2019_GF,0.95
NG_CCGT_2019_GF,0.95
COAL_2019_GF,0.95
NUC_2019_GF,0.95
NG_CT_13050_GF,0.95
NG_CCGT_13050_GF,0.95
COAL_13050_GF,0.95
NUC_13050_GF,0.95
NG_CT_12647_GF,0.95
NG_CCGT_12647_GF,0.95
COAL_12647_GF,0.95
NUC_12647_GF,0.95
NG_CT_4050_GF,0.95
NG_CCGT_4050_GF,0.95
COAL_4050_GF,0.95
NUC_4050_GF,0.95
NG_CT_13420_GF,0.95
NG_CCGT_13420_GF,0.95
COAL_13420_GF,0.95
NUC_13420_GF,0.95
NG_CT_13120_GF,0.95
NG_CCGT_13120_GF,0.95
COAL_13120_GF,0.95
NUC_13120_GF,0.95
NG_CT_12979_GF,0.95
NG_CCGT_12979_GF,0.95
COAL_12979_GF,0.95
NUC_12979_GF,0.95
NG_CT_13125_GF,0.95
NG_CCGT_13125_GF,0.95
COAL_13125_GF,0.95
NUC_13125_GF,0.95
NG_CT_13116_GF,0.95
NG_CCGT_13116_GF,0.95
COAL_13116_GF,0.95
NUC_13116_GF,0.95
NG_CT_13136_GF,0.95
NG_CCGT_13136_GF,0.95
COAL_13136_GF,0.95
NUC_13136_GF,0.95
NG_CT_13134_GF,0.95
NG_CCGT_13134_GF,0.95
COAL_13134_GF,0.95
NUC_13134_GF,0.95
NG_CT_12677_GF,0.95
NG_CCGT_12677_GF,0.95
COAL_12677_GF,0.95
NUC_12677_GF,0.95
NG_CT_13162_GF,0.95
NG_CCGT_13162_GF,0.95
COAL_13162_GF,0.95
NUC_13162_GF,0.95
NG_CT_13166_GF,0.95
NG_CCGT_13166_GF,0.95
COAL_13166_GF,0.95
NUC_13166_GF,0.95
NG_CT_13351_GF,0.95
NG_CCGT_13351_GF,0.95
COAL_13351_GF,0.95
NUC_13351_GF,0.95
NG_CT_13395_GF,0.95
NG_CCGT_13395_GF,0.95
COAL_13395_GF,0.95
NUC_13395_GF,0.95
NG_CT_6083_GF,0.95
NG_CCGT_6083_GF,0.95
COAL_6083_GF,0.95
NUC_6083_GF,0.95
NG_CT_6137_GF,0.95
NG_CCGT_6137_GF,0.95
COAL_6137_GF,0.95
NUC_6137_GF,0.95
NG_CT_6082_GF,0.95
NG_CCGT_6082_GF,0.95
COAL_6082_GF,0.95
NUC_6082_GF,0.95
NG_CT_4045_GF,0.95
NG_CCGT_4045_GF,0.95
COAL_4045_GF,0.95
NUC_4045_GF,0.95
NG_CT_5290_GF,0.95
NG_CCGT_5290_GF,0.95
COAL_5290_GF,0.95
NUC_5290_GF,0.95
NG_CT_2063_GF,0.95
NG_CCGT_2063_GF,0.95
COAL_2063_GF,0.95
NUC_2063_GF,0.95
NG_CT_3106_GF,0.95
NG_CCGT_3106_GF,0.95
COAL_3106_GF,0.95
NUC_3106_GF,0.95
NG_CT_3014_GF,0.95
NG_CCGT_3014_GF,0.95
COAL_3014_GF,0.95
NUC_3014_GF,0.95
NG_CT_4047_GF,0.95
NG_CCGT_4047_GF,0.95
COAL_4047_GF,0.95
NUC_4047_GF,0.95
NG_CT_6214_GF,0.95
NG_CCGT_6214_GF,0.95
COAL_6214_GF,0.95
NUC_6214_GF,0.95
NG_CT_6213_GF,0.95
NG_CCGT_6213_GF,0.95
COAL_6213_GF,0.95
NUC_6213_GF,0.95
NG_CT_13391_GF,0.95
NG_CCGT_13391_GF,0.95
COAL_13391_GF,0.95
NUC_13391_GF,0.95
NG_CT_13393_GF,0.95
NG_CCGT_13393_GF,0.95
COAL_13393_GF,0.95
NUC_13393_GF,0.95
NG_CT_4046_GF,0.95
NG_CCGT_4046_GF,0.95
COAL_4046_GF,0.95
NUC_4046_GF,0.95
NG_CT_13414_GF,0.95
NG_CCGT_13414_GF,0.95
COAL_13414_GF,0.95
NUC_13414_GF,0.95
NG_CT_13264_GF,0.95
NG_CCGT_13264_GF,0.95
COAL_13264_GF,0.95
NUC_13264_GF,0.95
NG_CT_13107_GF,0.95
NG_CCGT_13107_GF,0.95
COAL_13107_GF,0.95
NUC_13107_GF,0.95
NG_CT_13257_GF,0.95
NG_CCGT_13257_GF,0.95
COAL_13257_GF,0.95
NUC_13257_GF,0.95
NG_CT_13278_GF,0.95
NG_CCGT_13278_GF,0.95
COAL_13278_GF,0.95
NUC_13278_GF,0.95
NG_CT_13281_GF,0.95
NG_CCGT_13281_GF,0.95
COAL_13281_GF,0.95
NUC_13281_GF,0.95
NG_CT_12583_GF,0.95
NG_CCGT_12583_GF,0.95
COAL_12583_GF,0.95
NUC_12583_GF,0.95
NG_CT_12586_GF,0.95
NG_CCGT_12586_GF,0.95
COAL_12586_GF,0.95
NUC_12586_GF,0.95
NG_CT_13250_GF,0.95
NG_CCGT_13250_GF,0.95
COAL_13250_GF,0.95
NUC_13250_GF,0.95
NG_CT_13269_GF,0.95
NG_CCGT_13269_GF,0.95
COAL_13269_GF,0.95
NUC_13269_GF,0.95
NG_CT_13260_GF,0.95
NG_CCGT_13260_GF,0.95
COAL_13260_GF,0.95
NUC_13260_GF,0.95
NG_CT_13401_GF,0.95
NG_CCGT_13401_GF,0.95
COAL_13401_GF,0.95
NUC_13401_GF,0.95
NG_CT_13413_GF,0.95
NG_CCGT_13413_GF,0.95
COAL_13413_GF,0.95
NUC_13413_GF,0.95
NG_CT_6155_GF,0.95
NG_CCGT_6155_GF,0.95
COAL_6155_GF,0.95
NUC_6155_GF,0.95
NG_CT_1024_GF,0.95
NG_CCGT_1024_GF,0.95
COAL_1024_GF,0.95
NUC_1024_GF,0.95
NG_CT_13173_GF,0.95
NG_CCGT_13173_GF,0.95
COAL_13173_GF,0.95
NUC_13173_GF,0.95
NG_CT_13411_GF,0.95
NG_CCGT_13411_GF,0.95
COAL_13411_GF,0.95
NUC_13411_GF,0.95
NG_CT_13311_GF,0.95
NG_CCGT_13311_GF,0.95
COAL_13311_GF,0.95
NUC_13311_GF,0.95
NG_CT_2106_GF,0.95
NG_CCGT_2106_GF,0.95
COAL_2106_GF,0.95
NUC_2106_GF,0.95
NG_CT_12675_GF,0.95
NG_CCGT_12675_GF,0.95
COAL_12675_GF,0.95
NUC_12675_GF,0.95
NG_CT_13316_GF,0.95
NG_CCGT_13316_GF,0.95
COAL_13316_GF,0.95
NUC_13316_GF,0.95
NG_CT_13123_GF,0.95
NG_CCGT_13123_GF,0.95
COAL_13123_GF,0.95
NUC_13123_GF,0.95
NG_CT_12688_GF,0.95
NG_CCGT_12688_GF,0.95
COAL_12688_GF,0.95
NUC_12688_GF,0.95
NG_CT_13320_GF,0.95
NG_CCGT_13320_GF,0.95
COAL_13320_GF,0.95
NUC_13320_GF,0.95
NG_CT_13422_GF,0.95
NG_CCGT_13422_GF,0.95
COAL_13422_GF,0.95
NUC_13422_GF,0.95
NG_CT_13084_GF,0.95
NG_CCGT_13084_GF,0.95
COAL_13084_GF,0.95
NUC_13084_GF,0.95
NG_CT_13078_GF,0.95
NG_CCGT_13078_GF,0.95
COAL_13078_GF,0.95
NUC_13078_GF,0.95
NG_CT_13074_GF,0.95
NG_CCGT_13074_GF,0.95
COAL_13074_GF,0.95
NUC_13074_GF,0.95
NG_CT_13072_GF,0.95
NG_CCGT_13072_GF,0.95
COAL_13072_GF,0.95
NUC_13072_GF,0.95
NG_CT_13318_GF,0.95
NG_CCGT_13318_GF,0.95
COAL_13318_GF,0.95
NUC_13318_GF,0.95
NG_CT_8020_GF,0.95
NG_CCGT_8020_GF,0.95
COAL_8020_GF,0.95
NUC_8020_GF,0.95
NG_CT_13045_GF,0.95
NG_CCGT_13045_GF,0.95
COAL_13045_GF,0.95
NUC_13045_GF,0.95
NG_CT_13424_GF,0.95
NG_CCGT_13424_GF,0.95
COAL_13424_GF,0.95
NUC_13424_GF,0.95
NG_CT_13023_GF,0.95
NG_CCGT_13023_GF,0.95
COAL_13023_GF,0.95
NUC_13023_GF,0.95
NG_CT_13019_GF,0.95
NG_CCGT_13019_GF,0.95
COAL_13019_GF,0.95
NUC_13019_GF,0.95
NG_CT_12661_GF,0.95
NG_CCGT_12661_GF,0.95
COAL_12661_GF,0.95
NUC_12661_GF,0.95
NG_CT_13007_GF,0.95
NG_CCGT_13007_GF,0.95
COAL_13007_GF,0.95
NUC_13007_GF,0.95
NG_CT_12981_GF,0.95
NG_CCGT_12981_GF,0.95
COAL_12981_GF,0.95
NUC_12981_GF,0.95
NG_CT_13423_GF,0.95
NG_CCGT_13423_GF,0.95
COAL_13423_GF,0.95
NUC_13423_GF,0.95
NG_CT_5284_GF,0.95
NG_CCGT_5284_GF,0.95
COAL_5284_GF,0.95
NUC_5284_GF,0.95
NG_CT_12968_GF,0.95
NG_CCGT_12968_GF,0.95
COAL_12968_GF,0.95
NUC_12968_GF,0.95
NG_CT_1009_GF,0.95
NG_CCGT_1009_GF,0.95
COAL_1009_GF,0.95
NUC_1009_GF,0.95
NG_CT_12789_GF,0.95
NG_CCGT_12789_GF,0.95
COAL_12789_GF,0.95
NUC_12789_GF,0.95
NG_CT_12913_GF,0.95
NG_CCGT_12913_GF,0.95
COAL_12913_GF,0.95
NUC_12913_GF,0.95
NG_CT_7230_GF,0.95
NG_CCGT_7230_GF,0.95
COAL_7230_GF,0.95
NUC_7230_GF,0.95
NG_CT_12890_GF,0.95
NG_CCGT_12890_GF,0.95
COAL_12890_GF,0.95
NUC_12890_GF,0.95
NG_CT_12878_GF,0.95
NG_CCGT_12878_GF,0.95
COAL_12878_GF,0.95
NUC_12878_GF,0.95
NG_CT_13363_GF,0.95
NG_CCGT_13363_GF,0.95
COAL_13363_GF,0.95
NUC_13363_GF,0.95
NG_CT_12875_GF,0.95
NG_CCGT_12875_GF,0.95
COAL_12875_GF,0.95
NUC_12875_GF,0.95
NG_CT_5115_GF,0.95
NG_CCGT_5115_GF,0.95
COAL_5115_GF,0.95
NUC_5115_GF,0.95
NG_CT_13370_GF,0.95
NG_CCGT_13370_GF,0.95
COAL_13370_GF,0.95
NUC_13370_GF,0.95
NG_CT_5174_GF,0.95
NG_CCGT_5174_GF,0.95
COAL_5174_GF,0.95
NUC_5174_GF,0.95
NG_CT_5081_GF,0.95
NG_CCGT_5081_GF,0.95
COAL_5081_GF,0.95
NUC_5081_GF,0.95
NG_CT_5080_GF,0.95
NG_CCGT_5080_GF,0.95
COAL_5080_GF,0.95
NUC_5080_GF,0.95
NG_CT_12904_GF,0.95
NG_CCGT_12904_GF,0.95
COAL_12904_GF,0.95
NUC_12904_GF,0.95
NG_CT_12853_GF,0.95
NG_CCGT_12853_GF,0.95
COAL_12853_GF,0.95
NUC_12853_GF,0.95
NG_CT_12915_GF,0.95
NG_CCGT_12915_GF,0.95
COAL_12915_GF,0.95
NUC_12915_GF,0.95
NG_CT_12921_GF,0.95
NG_CCGT_12921_GF,0.95
COAL_12921_GF,0.95
NUC_12921_GF,0.95
NG_CT_12927_GF,0.95
NG_CCGT_12927_GF,0.95
COAL_12927_GF,0.95
NUC_12927_GF,0.95
NG_CT_12790_GF,0.95
NG_CCGT_12790_GF,0.95
COAL_12790_GF,0.95
NUC_12790_GF,0.95
NG_CT_7116_GF,0.95
NG_CCGT_7116_GF,0.95
COAL_7116_GF,0.95
NUC_7116_GF,0.95
NG_CT_5029_GF,0.95
NG_CCGT_5029_GF,0.95
COAL_5029_GF,0.95
NUC_5029_GF,0.95
NG_CT_1008_GF,0.95
NG_CCGT_1008_GF,0.95
COAL_1008_GF,0.95
NUC_1008_GF,0.95
NG_CT_12924_GF,0.95
NG_CCGT_12924_GF,0.95
COAL_12924_GF,0.95
NUC_12924_GF,0.95
NG_CT_12911_GF,0.95
NG_CCGT_12911_GF,0.95
COAL_12911_GF,0.95
NUC_12911_GF,0.95
NG_CT_12919_GF,0.95
NG_CCGT_12919_GF,0.95
COAL_12919_GF,0.95
NUC_12919_GF,0.95
NG_CT_12917_GF,0.95
NG_CCGT_12917_GF,0.95
COAL_12917_GF,0.95
NUC_12917_GF,0.95
NG_CT_12775_GF,0.95
NG_CCGT_12775_GF,0.95
COAL_12775_GF,0.95
NUC_12775_GF,0.95
NG_CT_12769_GF,0.95
NG_CCGT_12769_GF,0.95
COAL_12769_GF,0.95
NUC_12769_GF,0.95
NG_CT_12833_GF,0.95
NG_CCGT_12833_GF,0.95
COAL_12833_GF,0.95
NUC_12833_GF,0.95
NG_CT_12929_GF,0.95
NG_CCGT_12929_GF,0.95
COAL_12929_GF,0.95
NUC_12929_GF,0.95
NG_CT_12764_GF,0.95
NG_CCGT_12764_GF,0.95
COAL_12764_GF,0.95
NUC_12764_GF,0.95
NG_CT_12892_GF,0.95
NG_CCGT_12892_GF,0.95
COAL_12892_GF,0.95
NUC_12892_GF,0.95
NG_CT_12909_GF,0.95
NG_CCGT_12909_GF,0.95
COAL_12909_GF,0.95
NUC_12909_GF,0.95
NG_CT_12895_GF,0.95
NG_CCGT_12895_GF,0.95
COAL_12895_GF,0.95
NUC_12895_GF,0.95
NG_CT_13321_GF,0.95
NG_CCGT_13321_GF,0.95
COAL_13321_GF,0.95
NUC_13321_GF,0.95
NG_CT_12954_GF,0.95
NG_CCGT_12954_GF,0.95
COAL_12954_GF,0.95
NUC_12954_GF,0.95
NG_CT_12952_GF,0.95
NG_CCGT_12952_GF,0.95
COAL_12952_GF,0.95
NUC_12952_GF,0.95
NG_CT_12950_GF,0.95
NG_CCGT_12950_GF,0.95
COAL_12950_GF,0.95
NUC_12950_GF,0.95
NG_CT_12949_GF,0.95
NG_CCGT_12949_GF,0.95
COAL_12949_GF,0.95
NUC_12949_GF,0.95
NG_CT_12947_GF,0.95
NG_CCGT_12947_GF,0.95
COAL_12947_GF,0.95
NUC_12947_GF,0.95
NG_CT_13000_GF,0.95
NG_CCGT_13000_GF,0.95
COAL_13000_GF,0.95
NUC_13000_GF,0.95
NG_CT_12997_GF,0.95
NG_CCGT_12997_GF,0.95
COAL_12997_GF,0.95
NUC_12997_GF,0.95
NG_CT_13021_GF,0.95
NG_CCGT_13021_GF,0.95
COAL_13021_GF,0.95
NUC_13021_GF,0.95
NG_CT_13024_GF,0.95
NG_CCGT_13024_GF,0.95
COAL_13024_GF,0.95
NUC_13024_GF,0.95
NG_CT_13009_GF,0.95
NG_CCGT_13009_GF,0.95
COAL_13009_GF,0.95
NUC_13009_GF,0.95
NG_CT_13039_GF,0.95
NG_CCGT_13039_GF,0.95
COAL_13039_GF,0.95
NUC_13039_GF,0.95
NG_CT_1011_GF,0.95
NG_CCGT_1011_GF,0.95
COAL_1011_GF,0.95
NUC_1011_GF,0.95
NG_CT_12946_GF,0.95
NG_CCGT_12946_GF,0.95
COAL_12946_GF,0.95
NUC_12946_GF,0.95
NG_CT_13080_GF,0.95
NG_CCGT_13080_GF,0.95
COAL_13080_GF,0.95
NUC_13080_GF,0.95
NG_CT_13082_GF,0.95
NG_CCGT_13082_GF,0.95
COAL_13082_GF,0.95
NUC_13082_GF,0.95
NG_CT_13416_GF,0.95
NG_CCGT_13416_GF,0.95
COAL_13416_GF,0.95
NUC_13416_GF,0.95
NG_CT_4133_GF,0.95
NG_CCGT_4133_GF,0.95
COAL_4133_GF,0.95
NUC_4133_GF,0.95
NG_CT_12619_GF,0.95
NG_CCGT_12619_GF,0.95
COAL_12619_GF,0.95
NUC_12619_GF,0.95
NG_CT_12592_GF,0.95
NG_CCGT_12592_GF,0.95
COAL_12592_GF,0.95
NUC_12592_GF,0.95
NG_CT_13115_GF,0.95
NG_CCGT_13115_GF,0.95
COAL_13115_GF,0.95
NUC_13115_GF,0.95
NG_CT_4121_GF,0.95
NG_CCGT_4121_GF,0.95
COAL_4121_GF,0.95
NUC_4121_GF,0.95
NG_CT_13421_GF,0.95
NG_CCGT_13421_GF,0.95
COAL_13421_GF,0.95
NUC_13421_GF,0.95
NG_CT_6329_GF,0.95
NG_CCGT_6329_GF,0.95
COAL_6329_GF,0.95
NUC_6329_GF,0.95
NG_CT_6001_GF,0.95
NG_CCGT_6001_GF,0.95
COAL_6001_GF,0.95
NUC_6001_GF,0.95
NG_CT_13418_GF,0.95
NG_CCGT_13418_GF,0.95
COAL_13418_GF,0.95
NUC_13418_GF,0.95
NG_CT_13314_GF,0.95
NG_CCGT_13314_GF,0.95
COAL_13314_GF,0.95
NUC_13314_GF,0.95
NG_CT_12681_GF,0.95
NG_CCGT_12681_GF,0.95
COAL_12681_GF,0.95
NUC_12681_GF,0.95
NG_CT_12987_GF,0.95
NG_CCGT_12987_GF,0.95
COAL_12987_GF,0.95
NUC_12987_GF,0.95
NG_CT_13388_GF,0.95
NG_CCGT_13388_GF,0.95
COAL_13388_GF,0.95
NUC_13388_GF,0.95
NG_CT_13145_GF,0.95
NG_CCGT_13145_GF,0.95
COAL_13145_GF,0.95
NUC_13145_GF,0.95
NG_CT_13309_GF,0.95
NG_CCGT_13309_GF,0.95
COAL_13309_GF,0.95
NUC_13309_GF,0.95
NG_CT_12657_GF,0.95
NG_CCGT_12657_GF,0.95
COAL_12657_GF,0.95
NUC_12657_GF,0.95
NG_CT_13390_GF,0.95
NG_CCGT_13390_GF,0.95
COAL_13390_GF,0.95
NUC_13390_GF,0.95
NG_CT_13254_GF,0.95
NG_CCGT_13254_GF,0.95
COAL_13254_GF,0.95
NUC_13254_GF,0.95
NG_CT_13138_GF,0.95
NG_CCGT_13138_GF,0.95
COAL_13138_GF,0.95
NUC_13138_GF,0.95
NG_CT_13397_GF,0.95
NG_CCGT_13397_GF,0.95
COAL_13397_GF,0.95
NUC_13397_GF,0.95
NG_CT_13187_GF,0.95
NG_CCGT_13187_GF,0.95
COAL_13187_GF,0.95
NUC_13187_GF,0.95
NG_CT_13400_GF,0.95
NG_CCGT_13400_GF,0.95
COAL_13400_GF,0.95
NUC_13400_GF,0.95
NG_CT_12634_GF,0.95
NG_CCGT_12634_GF,0.95
COAL_12634_GF,0.95
NUC_12634_GF,0.95
NG_CT_13394_GF,0.95
NG_CCGT_13394_GF,0.95
COAL_13394_GF,0.95
NUC_13394_GF,0.95
NG_CT_13399_GF,0.95
NG_CCGT_13399_GF,0.95
COAL_13399_GF,0.95
NUC_13399_GF,0.95
NG_CT_13212_GF,0.95
NG_CCGT_13212_GF,0.95
COAL_13212_GF,0.95
NUC_13212_GF,0.95
NG_CT_13293_GF,0.95
NG_CCGT_13293_GF,0.95
COAL_13293_GF,0.95
NUC_13293_GF,0.95
NG_CT_13295_GF,0.95
NG_CCGT_13295_GF,0.95
COAL_13295_GF,0.95
NUC_13295_GF,0.95
NG_CT_13368_GF,0.95
NG_CCGT_13368_GF,0.95
COAL_13368_GF,0.95
NUC_13368_GF,0.95
NG_CT_13215_GF,0.95
NG_CCGT_13215_GF,0.95
COAL_13215_GF,0.95
NUC_13215_GF,0.95
NG_CT_13252_GF,0.95
NG_CCGT_13252_GF,0.95
COAL_13252_GF,0.95
NUC_13252_GF,0.95
NG_CT_13251_GF,0.95
NG_CCGT_13251_GF,0.95
COAL_13251_GF,0.95
NUC_13251_GF,0.95
NG_CT_12545_GF,0.95
NG_CCGT_12545_GF,0.95
COAL_12545_GF,0.95
NUC_12545_GF,0.95
NG_CT_2001_GF,0.95
NG_CCGT_2001_GF,0.95
COAL_2001_GF,0.95
NUC_2001_GF,0.95
NG_CT_13383_GF,0.95
NG_CCGT_13383_GF,0.95
COAL_13383_GF,0.95
NUC_13383_GF,0.95
NG_CT_13213_GF,0.95
NG_CCGT_13213_GF,0.95
COAL_13213_GF,0.95
NUC_13213_GF,0.95
NG_CT_4100_GF,0.95
NG_CCGT_4100_GF,0.95
COAL_4100_GF,0.95
NUC_4100_GF,0.95
NG_CT_4069_GF,0.95
NG_CCGT_4069_GF,0.95
COAL_4069_GF,0.95
NUC_4069_GF,0.95
NG_CT_7312_GF,0.95
NG_CCGT_7312_GF,0.95
COAL_7312_GF,0.95
NUC_7312_GF,0.95
NG_CT_7086_GF,0.95
NG_CCGT_7086_GF,0.95
COAL_7086_GF,0.95
NUC_7086_GF,0.95
NG_CT_13408_GF,0.95
NG_CCGT_13408_GF,0.95
COAL_13408_GF,0.95
NUC_13408_GF,0.95
NG_CT_13407_GF,0.95
NG_CCGT_13407_GF,0.95
COAL_13407_GF,0.95
NUC_13407_GF,0.95
NG_CT_4090_GF,0.95
NG_CCGT_4090_GF,0.95
COAL_4090_GF,0.95
NUC_4090_GF,0.95
NG_CT_8099_GF,0.95
NG_CCGT_8099_GF,0.95
COAL_8099_GF,0.95
NUC_8099_GF,0.95
NG_CT_13398_GF,0.95
NG_CCGT_13398_GF,0.95
COAL_13398_GF,0.95
NUC_13398_GF,0.95
NG_CT_5263_GF,0.95
NG_CCGT_5263_GF,0.95
COAL_5263_GF,0.95
NUC_5263_GF,0.95
NG_CT_7099_GF,0.95
NG_CCGT_7099_GF,0.95
COAL_7099_GF,0.95
NUC_7099_GF,0.95
NG_CT_7098_GF,0.95
NG_CCGT_7098_GF,0.95
COAL_7098_GF,0.95
NUC_7098_GF,0.95
NG_CT_5262_GF,0.95
NG_CCGT_5262_GF,0.95
COAL_5262_GF,0.95
NUC_5262_GF,0.95
NG_CT_6233_GF,0.95
NG_CCGT_6233_GF,0.95
COAL_6233_GF,0.95
NUC_6233_GF,0.95
NG_CT_13270_GF,0.95
NG_CCGT_13270_GF,0.95
COAL_13270_GF,0.95
NUC_13270_GF,0.95
NG_CT_6182_GF,0.95
NG_CCGT_6182_GF,0.95
COAL_6182_GF,0.95
NUC_6182_GF,0.95
NG_CT_12577_GF,0.95
NG_CCGT_12577_GF,0.95
COAL_12577_GF,0.95
NUC_12577_GF,0.95
NG_CT_12574_GF,0.95
NG_CCGT_12574_GF,0.95
COAL_12574_GF,0.95
NUC_12574_GF,0.95
NG_CT_6175_GF,0.95
NG_CCGT_6175_GF,0.95
COAL_6175_GF,0.95
NUC_6175_GF,0.95
NG_CT_4085_GF,0.95
NG_CCGT_4085_GF,0.95
COAL_4085_GF,0.95
NUC_4085_GF,0.95
NG_CT_12561_GF,0.95
NG_CCGT_12561_GF,0.95
COAL_12561_GF,0.95
NUC_12561_GF,0.95
NG_CT_4084_GF,0.95
NG_CCGT_4084_GF,0.95
COAL_4084_GF,0.95
NUC_4084_GF,0.95
NG_CT_6166_GF,0.95
NG_CCGT_6166_GF,0.95
COAL_6166_GF,0.95
NUC_6166_GF,0.95
NG_CT_4083_GF,0.95
NG_CCGT_4083_GF,0.95
COAL_4083_GF,0.95
NUC_4083_GF,0.95
NG_CT_1050_GF,0.95
NG_CCGT_1050_GF,0.95
COAL_1050_GF,0.95
NUC_1050_GF,0.95
NG_CT_4082_GF,0.95
NG_CCGT_4082_GF,0.95
COAL_4082_GF,0.95
NUC_4082_GF,0.95
NG_CT_12549_GF,0.95
NG_CCGT_12549_GF,0.95
COAL_12549_GF,0.95
NUC_12549_GF,0.95
NG_CT_6164_GF,0.95
NG_CCGT_6164_GF,0.95
COAL_6164_GF,0.95
NUC_6164_GF,0.95
NG_CT_4077_GF,0.95
NG_CCGT_4077_GF,0.95
COAL_4077_GF,0.95
NUC_4077_GF,0.95
NG_CT_2119_GF,0.95
NG_CCGT_2119_GF,0.95
COAL_2119_GF,0.95
NUC_2119_GF,0.95
NG_CT_6165_GF,0.95
NG_CCGT_6165_GF,0.95
COAL_6165_GF,0.95
NUC_6165_GF,0.95
NG_CT_13253_GF,0.95
NG_CCGT_13253_GF,0.95
COAL_13253_GF,0.95
NUC_13253_GF,0.95
NG_CT_6167_GF,0.95
NG_CCGT_6167_GF,0.95
COAL_6167_GF,0.95
NUC_6167_GF,0.95
NG_CT_12562_GF,0.95
NG_CCGT_12562_GF,0.95
COAL_12562_GF,0.95
NUC_12562_GF,0.95
NG_CT_12563_GF,0.95
NG_CCGT_12563_GF,0.95
COAL_12563_GF,0.95
NUC_12563_GF,0.95
NG_CT_13287_GF,0.95
NG_CCGT_13287_GF,0.95
COAL_13287_GF,0.95
NUC_13287_GF,0.95
NG_CT_12537_GF,0.95
NG_CCGT_12537_GF,0.95
COAL_12537_GF,0.95
NUC_12537_GF,0.95
NG_CT_1077_GF,0.95
NG_CCGT_1077_GF,0.95
COAL_1077_GF,0.95
NUC_1077_GF,0.95
NG_CT_6106_GF,0.95
NG_CCGT_6106_GF,0.95
COAL_6106_GF,0.95
NUC_6106_GF,0.95
NG_CT_4075_GF,0.95
NG_CCGT_4075_GF,0.95
COAL_4075_GF,0.95
NUC_4075_GF,0.95
NG_CT_13296_GF,0.95
NG_CCGT_13296_GF,0.95
COAL_13296_GF,0.95
NUC_13296_GF,0.95
NG_CT_6105_GF,0.95
NG_CCGT_6105_GF,0.95
COAL_6105_GF,0.95
NUC_6105_GF,0.95
NG_CT_12530_GF,0.95
NG_CCGT_12530_GF,0.95
COAL_12530_GF,0.95
NUC_12530_GF,0.95
NG_CT_12529_GF,0.95
NG_CCGT_12529_GF,0.95
COAL_12529_GF,0.95
NUC_12529_GF,0.95
NG_CT_6104_GF,0.95
NG_CCGT_6104_GF,0.95
COAL_6104_GF,0.95
NUC_6104_GF,0.95
NG_CT_12527_GF,0.95
NG_CCGT_12527_GF,0.95
COAL_12527_GF,0.95
NUC_12527_GF,0.95
NG_CT_12526_GF,0.95
NG_CCGT_12526_GF,0.95
COAL_12526_GF,0.95
NUC_12526_GF,0.95
NG_CT_6101_GF,0.95
NG_CCGT_6101_GF,0.95
COAL_6101_GF,0.95
NUC_6101_GF,0.95
NG_CT_2117_GF,0.95
NG_CCGT_2117_GF,0.95
COAL_2117_GF,0.95
NUC_2117_GF,0.95
NG_CT_1049_GF,0.95
NG_CCGT_1049_GF,0.95
COAL_1049_GF,0.95
NUC_1049_GF,0.95
NG_CT_12517_GF,0.95
NG_CCGT_12517_GF,0.95
COAL_12517_GF,0.95
NUC_12517_GF,0.95
NG_CT_2116_GF,0.95
NG_CCGT_2116_GF,0.95
COAL_2116_GF,0.95
NUC_2116_GF,0.95
NG_CT_1076_GF,0.95
NG_CCGT_1076_GF,0.95
COAL_1076_GF,0.95
NUC_1076_GF,0.95
NG_CT_13410_GF,0.95
NG_CCGT_13410_GF,0.95
COAL_13410_GF,0.95
NUC_13410_GF,0.95
NG_CT_6074_GF,0.95
NG_CCGT_6074_GF,0.95
COAL_6074_GF,0.95
NUC_6074_GF,0.95
NG_CT_6073_GF,0.95
NG_CCGT_6073_GF,0.95
COAL_6073_GF,0.95
NUC_6073_GF,0.95
NG_CT_12508_GF,0.95
NG_CCGT_12508_GF,0.95
COAL_12508_GF,0.95
NUC_12508_GF,0.95
NG_CT_6072_GF,0.95
NG_CCGT_6072_GF,0.95
COAL_6072_GF,0.95
NUC_6072_GF,0.95
NG_CT_2115_GF,0.95
NG_CCGT_2115_GF,0.95
COAL_2115_GF,0.95
NUC_2115_GF,0.95
NG_CT_12506_GF,0.95
NG_CCGT_12506_GF,0.95
COAL_12506_GF,0.95
NUC_12506_GF,0.95
NG_CT_13312_GF,0.95
NG_CCGT_13312_GF,0.95
COAL_13312_GF,0.95
NUC_13312_GF,0.95
NG_CT_1075_GF,0.95
NG_CCGT_1075_GF,0.95
COAL_1075_GF,0.95
NUC_1075_GF,0.95
NG_CT_6069_GF,0.95
NG_CCGT_6069_GF,0.95
COAL_6069_GF,0.95
NUC_6069_GF,0.95
NG_CT_8158_GF,0.95
NG_CCGT_8158_GF,0.95
COAL_8158_GF,0.95
NUC_8158_GF,0.95
NG_CT_4060_GF,0.95
NG_CCGT_4060_GF,0.95
COAL_4060_GF,0.95
NUC_4060_GF,0.95
NG_CT_8152_GF,0.95
NG_CCGT_8152_GF,0.95
COAL_8152_GF,0.95
NUC_8152_GF,0.95
NG_CT_13417_GF,0.95
NG_CCGT_13417_GF,0.95
COAL_13417_GF,0.95
NUC_13417_GF,0.95
NG_CT_6008_GF,0.95
NG_CCGT_6008_GF,0.95
COAL_6008_GF,0.95
NUC_6008_GF,0.95
NG_CT_13126_GF,0.95
NG_CCGT_13126_GF,0.95
COAL_13126_GF,0.95
NUC_13126_GF,0.95
NG_CT_8139_GF,0.95
NG_CCGT_8139_GF,0.95
COAL_8139_GF,0.95
NUC_8139_GF,0.95
NG_CT_4059_GF,0.95
NG_CCGT_4059_GF,0.95
COAL_4059_GF,0.95
NUC_4059_GF,0.95
NG_CT_8116_GF,0.95
NG_CCGT_8116_GF,0.95
COAL_8116_GF,0.95
NUC_8116_GF,0.95
NG_CT_6007_GF,0.95
NG_CCGT_6007_GF,0.95
COAL_6007_GF,0.95
NUC_6007_GF,0.95
NG_CT_8115_GF,0.95
NG_CCGT_8115_GF,0.95
COAL_8115_GF,0.95
NUC_8115_GF,0.95
NG_CT_6006_GF,0.95
NG_CCGT_6006_GF,0.95
COAL_6006_GF,0.95
NUC_6006_GF,0.95
NG_CT_4058_GF,0.95
NG_CCGT_4058_GF,0.95
COAL_4058_GF,0.95
NUC_4058_GF,0.95
NG_CT_4052_GF,0.95
NG_CCGT_4052_GF,0.95
COAL_4052_GF,0.95
NUC_4052_GF,0.95
NG_CT_8080_GF,0.95
NG_CCGT_8080_GF,0.95
COAL_8080_GF,0.95
NUC_8080_GF,0.95
NG_CT_8079_GF,0.95
NG_CCGT_8079_GF,0.95
COAL_8079_GF,0.95
NUC_8079_GF,0.95
NG_CT_8078_GF,0.95
NG_CCGT_8078_GF,0.95
COAL_8078_GF,0.95
NUC_8078_GF,0.95
NG_CT_1048_GF,0.95
NG_CCGT_1048_GF,0.95
COAL_1048_GF,0.95
NUC_1048_GF,0.95
NG_CT_8051_GF,0.95
NG_CCGT_8051_GF,0.95
COAL_8051_GF,0.95
NUC_8051_GF,0.95
NG_CT_8050_GF,0.95
NG_CCGT_8050_GF,0.95
COAL_8050_GF,0.95
NUC_8050_GF,0.95
NG_CT_8049_GF,0.95
NG_CCGT_8049_GF,0.95
COAL_8049_GF,0.95
NUC_8049_GF,0.95
NG_CT_8046_GF,0.95
NG_CCGT_8046_GF,0.95
COAL_8046_GF,0.95
NUC_8046_GF,0.95
NG_CT_2103_GF,0.95
NG_CCGT_2103_GF,0.95
COAL_2103_GF,0.95
NUC_2103_GF,0.95
NG_CT_7414_GF,0.95
NG_CCGT_7414_GF,0.95
COAL_7414_GF,0.95
NUC_7414_GF,0.95
NG_CT_12597_GF,0.95
NG_CCGT_12597_GF,0.95
COAL_12597_GF,0.95
NUC_12597_GF,0.95
NG_CT_4035_GF,0.95
NG_CCGT_4035_GF,0.95
COAL_4035_GF,0.95
NUC_4035_GF,0.95
NG_CT_7400_GF,0.95
NG_CCGT_7400_GF,0.95
COAL_7400_GF,0.95
NUC_7400_GF,0.95
NG_CT_5326_GF,0.95
NG_CCGT_5326_GF,0.95
COAL_5326_GF,0.95
NUC_5326_GF,0.95
NG_CT_1073_GF,0.95
NG_CCGT_1073_GF,0.95
COAL_1073_GF,0.95
NUC_1073_GF,0.95
NG_CT_5325_GF,0.95
NG_CCGT_5325_GF,0.95
COAL_5325_GF,0.95
NUC_5325_GF,0.95
NG_CT_7392_GF,0.95
NG_CCGT_7392_GF,0.95
COAL_7392_GF,0.95
NUC_7392_GF,0.95
NG_CT_5324_GF,0.95
NG_CCGT_5324_GF,0.95
COAL_5324_GF,0.95
NUC_5324_GF,0.95
NG_CT_12994_GF,0.95
NG_CCGT_12994_GF,0.95
COAL_12994_GF,0.95
NUC_12994_GF,0.95
NG_CT_7357_GF,0.95
NG_CCGT_7357_GF,0.95
COAL_7357_GF,0.95
NUC_7357_GF,0.95
NG_CT_7353_GF,0.95
NG_CCGT_7353_GF,0.95
COAL_7353_GF,0.95
NUC_7353_GF,0.95
NG_CT_1072_GF,0.95
NG_CCGT_1072_GF,0.95
COAL_1072_GF,0.95
NUC_1072_GF,0.95
NG_CT_12958_GF,0.95
NG_CCGT_12958_GF,0.95
COAL_12958_GF,0.95
NUC_12958_GF,0.95
NG_CT_5282_GF,0.95
NG_CCGT_5282_GF,0.95
COAL_5282_GF,0.95
NUC_5282_GF,0.95
NG_CT_2085_GF,0.95
NG_CCGT_2085_GF,0.95
COAL_2085_GF,0.95
NUC_2085_GF,0.95
NG_CT_13356_GF,0.95
NG_CCGT_13356_GF,0.95
COAL_13356_GF,0.95
NUC_13356_GF,0.95
NG_CT_7307_GF,0.95
NG_CCGT_7307_GF,0.95
COAL_7307_GF,0.95
NUC_7307_GF,0.95
NG_CT_13357_GF,0.95
NG_CCGT_13357_GF,0.95
COAL_13357_GF,0.95
NUC_13357_GF,0.95
NG_CT_2084_GF,0.95
NG_CCGT_2084_GF,0.95
COAL_2084_GF,0.95
NUC_2084_GF,0.95
NG_CT_13355_GF,0.95
NG_CCGT_13355_GF,0.95
COAL_13355_GF,0.95
NUC_13355_GF,0.95
NG_CT_5207_GF,0.95
NG_CCGT_5207_GF,0.95
COAL_5207_GF,0.95
NUC_5207_GF,0.95
NG_CT_7184_GF,0.95
NG_CCGT_7184_GF,0.95
COAL_7184_GF,0.95
NUC_7184_GF,0.95
NG_CT_2083_GF,0.95
NG_CCGT_2083_GF,0.95
COAL_2083_GF,0.95
NUC_2083_GF,0.95
NG_CT_13358_GF,0.95
NG_CCGT_13358_GF,0.95
COAL_13358_GF,0.95
NUC_13358_GF,0.95
NG_CT_7170_GF,0.95
NG_CCGT_7170_GF,0.95
COAL_7170_GF,0.95
NUC_7170_GF,0.95
NG_CT_2082_GF,0.95
NG_CCGT_2082_GF,0.95
COAL_2082_GF,0.95
NUC_2082_GF,0.95
NG_CT_7169_GF,0.95
NG_CCGT_7169_GF,0.95
COAL_7169_GF,0.95
NUC_7169_GF,0.95
NG_CT_7168_GF,0.95
NG_CCGT_7168_GF,0.95
COAL_7168_GF,0.95
NUC_7168_GF,0.95
NG_CT_7167_GF,0.95
NG_CCGT_7167_GF,0.95
COAL_7167_GF,0.95
NUC_7167_GF,0.95
NG_CT_12862_GF,0.95
NG_CCGT_12862_GF,0.95
COAL_12862_GF,0.95
NUC_12862_GF,0.95
NG_CT_12861_GF,0.95
NG_CCGT_12861_GF,0.95
COAL_12861_GF,0.95
NUC_12861_GF,0.95
NG_CT_7166_GF,0.95
NG_CCGT_7166_GF,0.95
COAL_7166_GF,0.95
NUC_7166_GF,0.95
NG_CT_7165_GF,0.95
NG_CCGT_7165_GF,0.95
COAL_7165_GF,0.95
NUC_7165_GF,0.95
NG_CT_7164_GF,0.95
NG_CCGT_7164_GF,0.95
COAL_7164_GF,0.95
NUC_7164_GF,0.95
NG_CT_7159_GF,0.95
NG_CCGT_7159_GF,0.95
COAL_7159_GF,0.95
NUC_7159_GF,0.95
NG_CT_7144_GF,0.95
NG_CCGT_7144_GF,0.95
COAL_7144_GF,0.95
NUC_7144_GF,0.95
NG_CT_12806_GF,0.95
NG_CCGT_12806_GF,0.95
COAL_12806_GF,0.95
NUC_12806_GF,0.95
NG_CT_7137_GF,0.95
NG_CCGT_7137_GF,0.95
COAL_7137_GF,0.95
NUC_7137_GF,0.95
NG_CT_12805_GF,0.95
NG_CCGT_12805_GF,0.95
COAL_12805_GF,0.95
NUC_12805_GF,0.95
NG_CT_7136_GF,0.95
NG_CCGT_7136_GF,0.95
COAL_7136_GF,0.95
NUC_7136_GF,0.95
NG_CT_7135_GF,0.95
NG_CCGT_7135_GF,0.95
COAL_7135_GF,0.95
NUC_7135_GF,0.95
NG_CT_7133_GF,0.95
NG_CCGT_7133_GF,0.95
COAL_7133_GF,0.95
NUC_7133_GF,0.95
NG_CT_6277_GF,0.95
NG_CCGT_6277_GF,0.95
COAL_6277_GF,0.95
NUC_6277_GF,0.95
NG_CT_1063_GF,0.95
NG_CCGT_1063_GF,0.95
COAL_1063_GF,0.95
NUC_1063_GF,0.95
NG_CT_5012_GF,0.95
NG_CCGT_5012_GF,0.95
COAL_5012_GF,0.95
NUC_5012_GF,0.95
NG_CT_12761_GF,0.95
NG_CCGT_12761_GF,0.95
COAL_12761_GF,0.95
NUC_12761_GF,0.95
NG_CT_12743_GF,0.95
NG_CCGT_12743_GF,0.95
COAL_12743_GF,0.95
NUC_12743_GF,0.95
NG_CT_12961_GF,0.95
NG_CCGT_12961_GF,0.95
COAL_12961_GF,0.95
NUC_12961_GF,0.95
NG_CT_1062_GF,0.95
NG_CCGT_1062_GF,0.95
COAL_1062_GF,0.95
NUC_1062_GF,0.95
NG_CT_12742_GF,0.95
NG_CCGT_12742_GF,0.95
COAL_12742_GF,0.95
NUC_12742_GF,0.95
NG_CT_7058_GF,0.95
NG_CCGT_7058_GF,0.95
COAL_7058_GF,0.95
NUC_7058_GF,0.95
NG_CT_7355_GF,0.95
NG_CCGT_7355_GF,0.95
COAL_7355_GF,0.95
NUC_7355_GF,0.95
NG_CT_12998_GF,0.95
NG_CCGT_12998_GF,0.95
COAL_12998_GF,0.95
NUC_12998_GF,0.95
NG_CT_12741_GF,0.95
NG_CCGT_12741_GF,0.95
COAL_12741_GF,0.95
NUC_12741_GF,0.95
NG_CT_12740_GF,0.95
NG_CCGT_12740_GF,0.95
COAL_12740_GF,0.95
NUC_12740_GF,0.95
NG_CT_13016_GF,0.95
NG_CCGT_13016_GF,0.95
COAL_13016_GF,0.95
NUC_13016_GF,0.95
NG_CT_7054_GF,0.95
NG_CCGT_7054_GF,0.95
COAL_7054_GF,0.95
NUC_7054_GF,0.95
NG_CT_13377_GF,0.95
NG_CCGT_13377_GF,0.95
COAL_13377_GF,0.95
NUC_13377_GF,0.95
NG_CT_12729_GF,0.95
NG_CCGT_12729_GF,0.95
COAL_12729_GF,0.95
NUC_12729_GF,0.95
NG_CT_7034_GF,0.95
NG_CCGT_7034_GF,0.95
COAL_7034_GF,0.95
NUC_7034_GF,0.95
NG_CT_12622_GF,0.95
NG_CCGT_12622_GF,0.95
COAL_12622_GF,0.95
NUC_12622_GF,0.95
NG_CT_7033_GF,0.95
NG_CCGT_7033_GF,0.95
COAL_7033_GF,0.95
NUC_7033_GF,0.95
NG_CT_7032_GF,0.95
NG_CCGT_7032_GF,0.95
COAL_7032_GF,0.95
NUC_7032_GF,0.95
NG_CT_7031_GF,0.95
NG_CCGT_7031_GF,0.95
COAL_7031_GF,0.95
NUC_7031_GF,0.95
NG_CT_4162_GF,0.95
NG_CCGT_4162_GF,0.95
COAL_4162_GF,0.95
NUC_4162_GF,0.95
NG_CT_7029_GF,0.95
NG_CCGT_7029_GF,0.95
COAL_7029_GF,0.95
NUC_7029_GF,0.95
NG_CT_13406_GF,0.95
NG_CCGT_13406_GF,0.95
COAL_13406_GF,0.95
NUC_13406_GF,0.95
NG_CT_12706_GF,0.95
NG_CCGT_12706_GF,0.95
COAL_12706_GF,0.95
NUC_12706_GF,0.95
NG_CT_12705_GF,0.95
NG_CCGT_12705_GF,0.95
COAL_12705_GF,0.95
NUC_12705_GF,0.95
NG_CT_12702_GF,0.95
NG_CCGT_12702_GF,0.95
COAL_12702_GF,0.95
NUC_12702_GF,0.95
NG_CT_4161_GF,0.95
NG_CCGT_4161_GF,0.95
COAL_4161_GF,0.95
NUC_4161_GF,0.95
NG_CT_12701_GF,0.95
NG_CCGT_12701_GF,0.95
COAL_12701_GF,0.95
NUC_12701_GF,0.95
NG_CT_7024_GF,0.95
NG_CCGT_7024_GF,0.95
COAL_7024_GF,0.95
NUC_7024_GF,0.95
NG_CT_12692_GF,0.95
NG_CCGT_12692_GF,0.95
COAL_12692_GF,0.95
NUC_12692_GF,0.95
NG_CT_12689_GF,0.95
NG_CCGT_12689_GF,0.95
COAL_12689_GF,0.95
NUC_12689_GF,0.95
NG_CT_1074_GF,0.95
NG_CCGT_1074_GF,0.95
COAL_1074_GF,0.95
NUC_1074_GF,0.95
NG_CT_2024_GF,0.95
NG_CCGT_2024_GF,0.95
COAL_2024_GF,0.95
NUC_2024_GF,0.95
NG_CT_7007_GF,0.95
NG_CCGT_7007_GF,0.95
COAL_7007_GF,0.95
NUC_7007_GF,0.95
NG_CT_7005_GF,0.95
NG_CCGT_7005_GF,0.95
COAL_7005_GF,0.95
NUC_7005_GF,0.95
NG_CT_4116_GF,0.95
NG_CCGT_4116_GF,0.95
COAL_4116_GF,0.95
NUC_4116_GF,0.95
NG_CT_6304_GF,0.95
NG_CCGT_6304_GF,0.95
COAL_6304_GF,0.95
NUC_6304_GF,0.95
NG_CT_6302_GF,0.95
NG_CCGT_6302_GF,0.95
COAL_6302_GF,0.95
NUC_6302_GF,0.95
NG_CT_2023_GF,0.95
NG_CCGT_2023_GF,0.95
COAL_2023_GF,0.95
NUC_2023_GF,0.95
NG_CT_6301_GF,0.95
NG_CCGT_6301_GF,0.95
COAL_6301_GF,0.95
NUC_6301_GF,0.95
NG_CT_12623_GF,0.95
NG_CCGT_12623_GF,0.95
COAL_12623_GF,0.95
NUC_12623_GF,0.95
NG_CT_12673_GF,0.95
NG_CCGT_12673_GF,0.95
COAL_12673_GF,0.95
NUC_12673_GF,0.95
NG_CT_6297_GF,0.95
NG_CCGT_6297_GF,0.95
COAL_6297_GF,0.95
NUC_6297_GF,0.95
NG_CT_12672_GF,0.95
NG_CCGT_12672_GF,0.95
COAL_12672_GF,0.95
NUC_12672_GF,0.95
NG_CT_12671_GF,0.95
NG_CCGT_12671_GF,0.95
COAL_12671_GF,0.95
NUC_12671_GF,0.95
NG_CT_6296_GF,0.95
NG_CCGT_6296_GF,0.95
COAL_6296_GF,0.95
NUC_6296_GF,0.95
NG_CT_12670_GF,0.95
NG_CCGT_12670_GF,0.95
COAL_12670_GF,0.95
NUC_12670_GF,0.95
NG_CT_12669_GF,0.95
NG_CCGT_12669_GF,0.95
COAL_12669_GF,0.95
NUC_12669_GF,0.95
NG_CT_4103_GF,0.95
NG_CCGT_4103_GF,0.95
COAL_4103_GF,0.95
NUC_4103_GF,0.95
NG_CT_12507_GF,0.95
NG_CCGT_12507_GF,0.95
COAL_12507_GF,0.95
NUC_12507_GF,0.95
NG_CT_1052_GF,0.95
NG_CCGT_1052_GF,0.95
COAL_1052_GF,0.95
NUC_1052_GF,0.95
NG_CT_12645_GF,0.95
NG_CCGT_12645_GF,0.95
COAL_12645_GF,0.95
NUC_12645_GF,0.95
NG_CT_12644_GF,0.95
NG_CCGT_12644_GF,0.95
COAL_12644_GF,0.95
NUC_12644_GF,0.95
NG_CT_6260_GF,0.95
NG_CCGT_6260_GF,0.95
COAL_6260_GF,0.95
NUC_6260_GF,0.95
NG_CT_12628_GF,0.95
NG_CCGT_12628_GF,0.95
COAL_12628_GF,0.95
NUC_12628_GF,0.95
NG_CT_6259_GF,0.95
NG_CCGT_6259_GF,0.95
COAL_6259_GF,0.95
NUC_6259_GF,0.95
NG_CT_12627_GF,0.95
NG_CCGT_12627_GF,0.95
COAL_12627_GF,0.95
NUC_12627_GF,0.95
NG_CT_12626_GF,0.95
NG_CCGT_12626_GF,0.95
COAL_12626_GF,0.95
NUC_12626_GF,0.95
NG_CT_6258_GF,0.95
NG_CCGT_6258_GF,0.95
COAL_6258_GF,0.95
NUC_6258_GF,0.95
NG_CT_6257_GF,0.95
NG_CCGT_6257_GF,0.95
COAL_6257_GF,0.95
NUC_6257_GF,0.95
NG_CT_1051_GF,0.95
NG_CCGT_1051_GF,0.95
COAL_1051_GF,0.95
NUC_1051_GF,0.95
NG_CT_6254_GF,0.95
NG_CCGT_6254_GF,0.95
COAL_6254_GF,0.95
NUC_6254_GF,0.95
NG_CT_12616_GF,0.95
NG_CCGT_12616_GF,0.95
COAL_12616_GF,0.95
NUC_12616_GF,0.95
NG_CT_12614_GF,0.95
NG_CCGT_12614_GF,0.95
COAL_12614_GF,0.95
NUC_12614_GF,0.95
NG_CT_12612_GF,0.95
NG_CCGT_12612_GF,0.95
COAL_12612_GF,0.95
NUC_12612_GF,0.95
NG_CT_2118_GF,0.95
NG_CCGT_2118_GF,0.95
COAL_2118_GF,0.95
NUC_2118_GF,0.95
NG_CT_12611_GF,0.95
NG_CCGT_12611_GF,0.95
COAL_12611_GF,0.95
NUC_12611_GF,0.95
NG_CT_12610_GF,0.95
NG_CCGT_12610_GF,0.95
COAL_12610_GF,0.95
NUC_12610_GF,0.95
NG_CT_6242_GF,0.95
NG_CCGT_6242_GF,0.95
COAL_6242_GF,0.95
NUC_6242_GF,0.95
NG_CT_12643_GF,0.95
NG_CCGT_12643_GF,0.95
COAL_12643_GF,0.95
NUC_12643_GF,0.95
NG_CT_13376_GF,0.95
NG_CCGT_13376_GF,0.95
COAL_13376_GF,0.95
NUC_13376_GF,0.95
NG_CT_13345_GF,0.95
NG_CCGT_13345_GF,0.95
COAL_13345_GF,0.95
NUC_13345_GF,0.95
NG_CT_13344_GF,0.95
NG_CCGT_13344_GF,0.95
COAL_13344_GF,0.95
NUC_13344_GF,0.95
NG_CT_13336_GF,0.95
NG_CCGT_13336_GF,0.95
COAL_13336_GF,0.95
NUC_13336_GF,0.95
NG_CT_13327_GF,0.95
NG_CCGT_13327_GF,0.95
COAL_13327_GF,0.95
NUC_13327_GF,0.95
NG_CT_4102_GF,0.95
NG_CCGT_4102_GF,0.95
COAL_4102_GF,0.95
NUC_4102_GF,0.95
NG_CT_13324_GF,0.95
NG_CCGT_13324_GF,0.95
COAL_13324_GF,0.95
NUC_13324_GF,0.95
NG_CT_12589_GF,0.95
NG_CCGT_12589_GF,0.95
COAL_12589_GF,0.95
NUC_12589_GF,0.95
NG_CT_13323_GF,0.95
NG_CCGT_13323_GF,0.95
COAL_13323_GF,0.95
NUC_13323_GF,0.95
NG_CT_13307_GF,0.95
NG_CCGT_13307_GF,0.95
COAL_13307_GF,0.95
NUC_13307_GF,0.95
NG_CT_13305_GF,0.95
NG_CCGT_13305_GF,0.95
COAL_13305_GF,0.95
NUC_13305_GF,0.95
NG_CT_13303_GF,0.95
NG_CCGT_13303_GF,0.95
COAL_13303_GF,0.95
NUC_13303_GF,0.95
NG_CT_13298_GF,0.95
NG_CCGT_13298_GF,0.95
COAL_13298_GF,0.95
NUC_13298_GF,0.95
NG_CT_6168_GF,0.95
NG_CCGT_6168_GF,0.95
COAL_6168_GF,0.95
NUC_6168_GF,0.95
NG_CT_6116_GF,0.95
NG_CCGT_6116_GF,0.95
COAL_6116_GF,0.95
NUC_6116_GF,0.95
NG_CT_13233_GF,0.95
NG_CCGT_13233_GF,0.95
COAL_13233_GF,0.95
NUC_13233_GF,0.95
NG_CT_13231_GF,0.95
NG_CCGT_13231_GF,0.95
COAL_13231_GF,0.95
NUC_13231_GF,0.95
NG_CT_13229_GF,0.95
NG_CCGT_13229_GF,0.95
COAL_13229_GF,0.95
NUC_13229_GF,0.95
NG_CT_13227_GF,0.95
NG_CCGT_13227_GF,0.95
COAL_13227_GF,0.95
NUC_13227_GF,0.95
NG_CT_13225_GF,0.95
NG_CCGT_13225_GF,0.95
COAL_13225_GF,0.95
NUC_13225_GF,0.95
NG_CT_13223_GF,0.95
NG_CCGT_13223_GF,0.95
COAL_13223_GF,0.95
NUC_13223_GF,0.95
NG_CT_13221_GF,0.95
NG_CCGT_13221_GF,0.95
COAL_13221_GF,0.95
NUC_13221_GF,0.95
NG_CT_13219_GF,0.95
NG_CCGT_13219_GF,0.95
COAL_13219_GF,0.95
NUC_13219_GF,0.95
NG_CT_13182_GF,0.95
NG_CCGT_13182_GF,0.95
COAL_13182_GF,0.95
NUC_13182_GF,0.95
NG_CT_4068_GF,0.95
NG_CCGT_4068_GF,0.95
COAL_4068_GF,0.95
NUC_4068_GF,0.95
NG_CT_4067_GF,0.95
NG_CCGT_4067_GF,0.95
COAL_4067_GF,0.95
NUC_4067_GF,0.95
NG_CT_4065_GF,0.95
NG_CCGT_4065_GF,0.95
COAL_4065_GF,0.95
NUC_4065_GF,0.95
NG_CT_13128_GF,0.95
NG_CCGT_13128_GF,0.95
COAL_13128_GF,0.95
NUC_13128_GF,0.95
NG_CT_6027_GF,0.95
NG_CCGT_6027_GF,0.95
COAL_6027_GF,0.95
NUC_6027_GF,0.95
NG_CT_8141_GF,0.95
NG_CCGT_8141_GF,0.95
COAL_8141_GF,0.95
NUC_8141_GF,0.95
NG_CT_13094_GF,0.95
NG_CCGT_13094_GF,0.95
COAL_13094_GF,0.95
NUC_13094_GF,0.95
NG_CT_13090_GF,0.95
NG_CCGT_13090_GF,0.95
COAL_13090_GF,0.95
NUC_13090_GF,0.95
NG_CT_13088_GF,0.95
NG_CCGT_13088_GF,0.95
COAL_13088_GF,0.95
NUC_13088_GF,0.95
NG_CT_13086_GF,0.95
NG_CCGT_13086_GF,0.95
COAL_13086_GF,0.95
NUC_13086_GF,0.95
NG_CT_13332_GF,0.95
NG_CCGT_13332_GF,0.95
COAL_13332_GF,0.95
NUC_13332_GF,0.95
NG_CT_13338_GF,0.95
NG_CCGT_13338_GF,0.95
COAL_13338_GF,0.95
NUC_13338_GF,0.95
NG_CT_13340_GF,0.95
NG_CCGT_13340_GF,0.95
COAL_13340_GF,0.95
NUC_13340_GF,0.95
NG_CT_13028_GF,0.95
NG_CCGT_13028_GF,0.95
COAL_13028_GF,0.95
NUC_13028_GF,0.95
NG_CT_12993_GF,0.95
NG_CCGT_12993_GF,0.95
COAL_12993_GF,0.95
NUC_12993_GF,0.95
NG_CT_4007_GF,0.95
NG_CCGT_4007_GF,0.95
COAL_4007_GF,0.95
NUC_4007_GF,0.95
NG_CT_12969_GF,0.95
NG_CCGT_12969_GF,0.95
COAL_12969_GF,0.95
NUC_12969_GF,0.95
NG_CT_3120_GF,0.95
NG_CCGT_3120_GF,0.95
COAL_3120_GF,0.95
NUC_3120_GF,0.95
NG_CT_12944_GF,0.95
NG_CCGT_12944_GF,0.95
COAL_12944_GF,0.95
NUC_12944_GF,0.95
NG_CT_12881_GF,0.95
NG_CCGT_12881_GF,0.95
COAL_12881_GF,0.95
NUC_12881_GF,0.95
NG_CT_12786_GF,0.95
NG_CCGT_12786_GF,0.95
COAL_12786_GF,0.95
NUC_12786_GF,0.95
NG_CT_12782_GF,0.95
NG_CCGT_12782_GF,0.95
COAL_12782_GF,0.95
NUC_12782_GF,0.95
NG_CT_12759_GF,0.95
NG_CCGT_12759_GF,0.95
COAL_12759_GF,0.95
NUC_12759_GF,0.95
NG_CT_1033_GF,0.95
NG_CCGT_1033_GF,0.95
COAL_1033_GF,0.95
NUC_1033_GF,0.95
NG_CT_12720_GF,0.95
NG_CCGT_12720_GF,0.95
COAL_12720_GF,0.95
NUC_12720_GF,0.95
NG_CT_12711_GF,0.95
NG_CCGT_12711_GF,0.95
COAL_12711_GF,0.95
NUC_12711_GF,0.95
NG_CT_12680_GF,0.95
NG_CCGT_12680_GF,0.95
COAL_12680_GF,0.95
NUC_12680_GF,0.95
NG_CT_4111_GF,0.95
NG_CCGT_4111_GF,0.95
COAL_4111_GF,0.95
NUC_4111_GF,0.95
NG_CT_12666_GF,0.95
NG_CCGT_12666_GF,0.95
COAL_12666_GF,0.95
NUC_12666_GF,0.95
NG_CT_12662_GF,0.95
NG_CCGT_12662_GF,0.95
COAL_12662_GF,0.95
NUC_12662_GF,0.95
NG_CT_13428_GF,0.95
NG_CCGT_13428_GF,0.95
COAL_13428_GF,0.95
NUC_13428_GF,0.95
NG_CT_13427_GF,0.95
NG_CCGT_13427_GF,0.95
COAL_13427_GF,0.95
NUC_13427_GF,0.95
NG_CT_13425_GF,0.95
NG_CCGT_13425_GF,0.95
COAL_13425_GF,0.95
NUC_13425_GF,0.95
NG_CT_12658_GF,0.95
NG_CCGT_12658_GF,0.95
COAL_12658_GF,0.95
NUC_12658_GF,0.95
NG_CT_13415_GF,0.95
NG_CCGT_13415_GF,0.95
COAL_13415_GF,0.95
NUC_13415_GF,0.95
NG_CT_13412_GF,0.95
NG_CCGT_13412_GF,0.95
COAL_13412_GF,0.95
NUC_13412_GF,0.95
NG_CT_13403_GF,0.95
NG_CCGT_13403_GF,0.95
COAL_13403_GF,0.95
NUC_13403_GF,0.95
NG_CT_12641_GF,0.95
NG_CCGT_12641_GF,0.95
COAL_12641_GF,0.95
NUC_12641_GF,0.95
NG_CT_13389_GF,0.95
NG_CCGT_13389_GF,0.95
COAL_13389_GF,0.95
NUC_13389_GF,0.95
NG_CT_13386_GF,0.95
NG_CCGT_13386_GF,0.95
COAL_13386_GF,0.95
NUC_13386_GF,0.95
NG_CT_5049_GF,0.95
NG_CCGT_5049_GF,0.95
COAL_5049_GF,0.95
NUC_5049_GF,0.95
NG_CT_12727_GF,0.95
NG_CCGT_12727_GF,0.95
COAL_12727_GF,0.95
NUC_12727_GF,0.95
NG_CT_12726_GF,0.95
NG_CCGT_12726_GF,0.95
COAL_12726_GF,0.95
NUC_12726_GF,0.95
NG_CT_12725_GF,0.95
NG_CCGT_12725_GF,0.95
COAL_12725_GF,0.95
NUC_12725_GF,0.95
NG_CT_12723_GF,0.95
NG_CCGT_12723_GF,0.95
COAL_12723_GF,0.95
NUC_12723_GF,0.95
NG_CT_12722_GF,0.95
NG_CCGT_12722_GF,0.95
COAL_12722_GF,0.95
NUC_12722_GF,0.95
NG_CT_12525_GF,0.95
NG_CCGT_12525_GF,0.95
COAL_12525_GF,0.95
NUC_12525_GF,0.95
NG_CT_12524_GF,0.95
NG_CCGT_12524_GF,0.95
COAL_12524_GF,0.95
NUC_12524_GF,0.95
NG_CT_6080_GF,0.95
NG_CCGT_6080_GF,0.95
COAL_6080_GF,0.95
NUC_6080_GF,0.95
NG_CT_6079_GF,0.95
NG_CCGT_6079_GF,0.95
COAL_6079_GF,0.95
NUC_6079_GF,0.95
NG_CT_6078_GF,0.95
NG_CCGT_6078_GF,0.95
COAL_6078_GF,0.95
NUC_6078_GF,0.95
NG_CT_12504_GF,0.95
NG_CCGT_12504_GF,0.95
COAL_12504_GF,0.95
NUC_12504_GF,0.95
NG_CT_12503_GF,0.95
NG_CCGT_12503_GF,0.95
COAL_12503_GF,0.95
NUC_12503_GF,0.95
NG_CT_12502_GF,0.95
NG_CCGT_12502_GF,0.95
COAL_12502_GF,0.95
NUC_12502_GF,0.95
NG_CT_8088_GF,0.95
NG_CCGT_8088_GF,0.95
COAL_8088_GF,0.95
NUC_8088_GF,0.95
NG_CT_8087_GF,0.95
NG_CCGT_8087_GF,0.95
COAL_8087_GF,0.95
NUC_8087_GF,0.95
NG_CT_8071_GF,0.95
NG_CCGT_8071_GF,0.95
COAL_8071_GF,0.95
NUC_8071_GF,0.95
NG_CT_8070_GF,0.95
NG_CCGT_8070_GF,0.95
COAL_8070_GF,0.95
NUC_8070_GF,0.95
NG_CT_5360_GF,0.95
NG_CCGT_5360_GF,0.95
COAL_5360_GF,0.95
NUC_5360_GF,0.95
NG_CT_4030_GF,0.95
NG_CCGT_4030_GF,0.95
COAL_4030_GF,0.95
NUC_4030_GF,0.95
NG_CT_4026_GF,0.95
NG_CCGT_4026_GF,0.95
COAL_4026_GF,0.95
NUC_4026_GF,0.95
NG_CT_7349_GF,0.95
NG_CCGT_7349_GF,0.95
COAL_7349_GF,0.95
NUC_7349_GF,0.95
NG_CT_12777_GF,0.95
NG_CCGT_12777_GF,0.95
COAL_12777_GF,0.95
NUC_12777_GF,0.95
NG_CT_12776_GF,0.95
NG_CCGT_12776_GF,0.95
COAL_12776_GF,0.95
NUC_12776_GF,0.95
WND_13246_1,0.147
WND_13205_1,0.147
WND_3017_1,0.147
WND_13248_PW,0.147
WND_13195_1,0.147
WND_13143_1,0.147
WND_13076_1,0.147
WND_13288_1,0.147
WND_3020_1,0.147
WND_13396_WT,0.147
WND_13035_1,0.147
WND_13132_1,0.147
WND_13258_1,0.147
WND_3062_1,0.147
WND_5170_1,0.147
WND_13033_1,0.147
WND_12595_1,0.147
WND_4010_1,0.147
WND_2062_1,0.147
WND_4166_1,0.147
WND_13240_1,0.147
WND_2013_1,0.147
WND_13208_1,0.147
WND_13042_1,0.147
WND_13262_1,0.147
WND_13284_1,0.147
WND_13283_1,0.147
WND_3113_2,0.147
WND_12907_1,0.147
WND_13405_1,0.147
WND_1067_1,0.147
WND_12631_1,0.147
WND_12960_1,0.147
WND_12985_1,0.147
WND_2099_1,0.147
WND_3122_1,0.147
WND_13066_1,0.147
WND_4153_1,0.147
WND_3117_1,0.147
WND_13419_1,0.147
WND_12964_1,0.147
WND_13150_1,0.147
WND_12737_1,0.147
WND_12753_SD,0.147
WND_12638_1,0.147
WND_1090_GE,0.147
WND_13172_1,0.147
WND_13201_1,0.147
WND_13299_1,0.147
WND_13130_1,0.147
WND_13180_1,0.147
WND_12594_2,0.147
WND_13048_1,0.147
WND_12868_1,0.147
WND_3068_1,0.147
WND_13365_01,0.147
WND_13353_1,0.147
WND_1035_2,0.147
WND_13263_1,0.147
WND_5020_BC,0.147
WND_12609_1,0.147
WND_12792_1,0.147
WND_3092_1,0.147
WND_12821_1,0.147
WND_13308_1,0.147
WND_12848_1,0.147
WND_12884_1,0.147
WND_12930_1,0.147
WND_13367_1,0.147
WND_2078_1,0.147
WND_3115_1,0.147
WND_1039_1,0.147
WND_13054_1,0.147
WND_12971_1,0.147
WND_12818_1,0.147
WND_13158_1,0.147
WND_3060_2,0.147
WND_3081_1,0.147
WND_12956_1,0.147
WND_13374_1,0.147
WND_13047_1,0.147
WND_13060_1,0.147
WND_13030_1,0.147
WND_2042_1,0.147
WND_1006_1,0.147
WND_3056_2,0.147
WND_12745_1,0.147
WND_13129_1,0.147
WND_13156_1,0.147
WND_13392_1,0.147
WND_13011_1,0.147
WND_13168_1,0.147
WND_3061_3,0.147
WND_3065_1,0.147
WND_1026_1,0.147
WND_13279_1,0.147
WND_13068_1,0.147
WND_13112_1,0.147
WND_13290_1,0.147
WND_13199_1,0.147
WND_3004_1,0.147
WND_13409_1,0.147
WND_13170_1,0.147
WND_13197_1,0.147
WND_13056_1,0.147
WND_3063_4,0.147
WND_12733_1,0.147
WND_4177_1,0.147
WND_13185_1,0.147
WND_13043_1,0.147
WND_13017_1,0.147
WND_3074_1,0.147
WND_2091_1,0.147
WND_2089_1,0.147
WND_1023_1,0.147
WND_12966_1,0.147
WND_13014_1,0.147
WND_12940_1,0.147
WND_12773_1,0.147
WND_12802_2,0.147
WND_13058_1,0.147
WND_3086_1,0.147
WND_3087_1,0.147
WND_12809_1,0.147
WND_12815_1,0.147
WND_1066_1,0.147
WND_13352_1,0.147
WND_12959_1,0.147
WND_12908_1,0.147
WND_12756_1,0.147
WND_12899_1,0.147
WND_3098_1,0.147
WND_13362_1,0.147
WND_1021_1,0.147
WND_13360_1,0.147
WND_3112_1,0.147
WND_13160_1,0.147
WND_12845_1,0.147
WND_12938_1,0.147
WND_12856_1,0.147
WND_12859_1,0.147
WND_12839_1,0.147
WND_3095_1,0.147
WND_12812_1,0.147
WND_12800_1,0.147
WND_12977_1,0.147
WND_2071_1,0.147
WND_13005_1,0.147
WND_12957_1,0.147
WND_12941_1,0.147
WND_13372_01,0.147
WND_3039_1,0.147
WND_13062_1,0.147
WND_13049_1,0.147
WND_1042_1,0.147
WND_3034_1,0.147
WND_13350_1,0.147
WND_3071_1,0.147
WND_12734_2,0.147
WND_1057_1,0.147
WND_13037_1,0.147
WND_2019_1,0.147
WND_13050_1,0.147
WND_12647_1,0.147
WND_4050_1,0.147
WND_13420_1,0.147
WND_13120_1,0.147
WND_12979_1,0.147
WND_13125_1,0.147
WND_13116_LC,0.147
WND_13136_1,0.147
WND_13134_1,0.147
WND_12677_1,0.147
WND_13162_1,0.147
WND_13166_1,0.147
WND_13351_1,0.147
WND_13395_1,0.147
SUN_13414_1,0.481
SUN_13264_1,0.481
SUN_13107_1,0.481
SUN_13257_1,0.481
SUN_13278_1,0.481
SUN_13281_1,0.481
SUN_12583_1,0.481
SUN_12586_1,0.481
SUN_13250_1,0.481
SUN_13269_1,0.481
SUN_13260_1,0.481
SUN_13401_1,0.481
SUN_13413_1,0.481
SUN_6155_1,0.481
SUN_1024_1,0.481
SUN_13173_1,0.481
SUN_13411_1,0.481
SUN_13311_1,0.481
SUN_2106_1,0.481
SUN_12675_1,0.481
SUN_13316_1,0.481
SUN_13123_TB,0.481
SUN_12688_1,0.481
SUN_13320_1,0.481
SUN_13422_1,0.481
SUN_13084_1,0.481
SUN_13078_1,0.481
SUN_13074_1,0.481
SUN_13072_1,0.481
SUN_13318_1,0.481
SUN_8020_1,0.481
SUN_13045_1,0.481
SUN_13424_1,0.481
SUN_13023_1,0.481
SUN_13019_1,0.481
SUN_12661_1,0.481
SUN_13007_1,0.481
SUN_12981_1,0.481
SUN_13423_20,0.481
SUN_5284_1,0.481
SUN_12968_1,0.481
SUN_1009_1,0.481
SUN_12789_1,0.481
SUN_12913_1,0.481
SUN_7230_1,0.481
SUN_12890_1,0.481
SUN_12878_1,0.481
SUN_13363_1,0.481
SUN_12875_1,0.481
SUN_5115_1,0.481
SUN_13370_1,0.481
SUN_5174_1,0.481
SUN_5081_1,0.481
SUN_5080_1,0.481
SUN_12904_1,0.481
SUN_12853_1,0.481
SUN_12915_1,0.481
SUN_12921_1,0.481
SUN_12927_1,0.481
SUN_12790_1,0.481
SUN_7116_1,0.481
SUN_5029_1,0.481
SUN_1008_1,0.481
SUN_12924_1,0.481
SUN_12911_1,0.481
SUN_12919_1,0.481
SUN_12917_1,0.481
SUN_12775_1,0.481
SUN_12769_1,0.481
SUN_12833_1,0.481
SUN_12929_1,0.481
SUN_12764_1,0.481
SUN_12892_1,0.481
SUN_12909_1,0.481
SUN_12895_1,0.481
SUN_13321_1,0.481
SUN_12954_1,0.481
SUN_12952_1,0.481
SUN_12950_1,0.481
SUN_12949_1,0.481
SUN_12947_1,0.481
SUN_13000_1,0.481
SUN_12997_1,0.481
SUN_13021_1,0.481
SUN_13024_1,0.481
SUN_13009_1,0.481
SUN_13039_1,0.481
SUN_1011_1,0.481
SUN_12946_1,0.481
SUN_13080_1,0.481
SUN_13082_1,0.481
SUN_13416_1,0.481
SUN_4133_1,0.481
SUN_12619_1,0.481
SUN_12592_1,0.481
SUN_13115_1,0.481
SUN_4121_1,0.481
SUN_13421_1,0.481
SUN_6329_CS,0.481
SUN_6001_1,0.481
SUN_13418_1,0.481
SUN_13314_1,0.481
SUN_12681_1,0.481
SUN_12987_1,0.481
SUN_13388_1,0.481
SUN_13145_1,0.481
SUN_13309_1,0.481
SUN_12657_1,0.481
SUN_13390_1,0.481
SUN_13254_1,0.481
SUN_13138_1,0.481
SUN_13397_1,0.481
SUN_13187_1,0.481
SUN_13400_1,0.481
SUN_12634_1,0.481
SUN_13394_1,0.481
SUN_13399_1,0.481
SUN_13212_1,0.481
SUN_13293_1,0.481
SUN_13295_1,0.481
SUN_13368_1,0.481
SUN_13215_1,0.481
SUN_13252_1,0.481
SUN_13251_1,0.481
SUN_12545_1,0.481
SUN_2001_1,0.481
SUN_13383_1,0.481
SUN_13213_1,0.481
WND_13246_GF,0.147
SUN_13246_GF,0.481
WND_13205_GF,0.147
SUN_13205_GF,0.481
WND_3017_GF,0.147
SUN_3017_GF,0.481
WND_13248_GF,0.147
SUN_13248_GF,0.481
WND_13195_GF,0.147
SUN_13195_GF,0.481
WND_13143_GF,0.147
SUN_13143_GF,0.481
WND_13076_GF,0.147
SUN_13076_GF,0.481
WND_13288_GF,0.147
SUN_13288_GF,0.481
WND_3020_GF,0.147
SUN_3020_GF,0.481
WND_13396_GF,0.147
SUN_13396_GF,0.481
WND_13035_GF,0.147
SUN_13035_GF,0.481
WND_13132_GF,0.147
SUN_13132_GF,0.481
WND_13258_GF,0.147
SUN_13258_GF,0.481
WND_3062_GF,0.147
SUN_3062_GF,0.481
WND_5170_GF,0.147
SUN_5170_GF,0.481
WND_13033_GF,0.147
SUN_13033_GF,0.481
WND_12595_GF,0.147
SUN_12595_GF,0.481
WND_4010_GF,0.147
SUN_4010_GF,0.481
WND_2062_GF,0.147
SUN_2062_GF,0.481
WND_4166_GF,0.147
SUN_4166_GF,0.481
WND_13240_GF,0.147
SUN_13240_GF,0.481
WND_2013_GF,0.147
SUN_2013_GF,0.481
WND_13208_GF,0.147
SUN_13208_GF,0.481
WND_13042_GF,0.147
SUN_13042_GF,0.481
WND_13262_GF,0.147
SUN_13262_GF,0.481
WND_13284_GF,0.147
SUN_13284_GF,0.481
WND_13283_GF,0.147
SUN_13283_GF,0.481
WND_3113_GF,0.147
SUN_3113_GF,0.481
WND_12907_GF,0.147
SUN_12907_GF,0.481
WND_13405_GF,0.147
SUN_13405_GF,0.481
WND_1067_GF,0.147
SUN_1067_GF,0.481
WND_12631_GF,0.147
SUN_12631_GF,0.481
WND_12960_GF,0.147
SUN_12960_GF,0.481
WND_12985_GF,0.147
SUN_12985_GF,0.481
WND_2099_GF,0.147
SUN_2099_GF,0.481
WND_3122_GF,0.147
SUN_3122_GF,0.481
WND_13066_GF,0.147
SUN_13066_GF,0.481
WND_4153_GF,0.147
SUN_4153_GF,0.481
WND_3117_GF,0.147
SUN_3117_GF,0.481
WND_13419_GF,0.147
SUN_13419_GF,0.481
WND_12964_GF,0.147
SUN_12964_GF,0.481
WND_13150_GF,0.147
SUN_13150_GF,0.481
WND_12737_GF,0.147
SUN_12737_GF,0.481
WND_12753_GF,0.147
SUN_12753_GF,0.481
WND_12638_GF,0.147
SUN_12638_GF,0.481
WND_1090_GF,0.147
SUN_1090_GF,0.481
WND_13172_GF,0.147
SUN_13172_GF,0.481
WND_13201_GF,0.147
SUN_13201_GF,0.481
WND_13299_GF,0.147
SUN_13299_GF,0.481
WND_13130_GF,0.147
SUN_13130_GF,0.481
WND_13180_GF,0.147
SUN_13180_GF,0.481
WND_12594_GF,0.147
SUN_12594_GF,0.481
WND_13048_GF,0.147
SUN_13048_GF,0.481
WND_12868_GF,0.147
SUN_12868_GF,0.481
WND_3068_GF,0.147
SUN_3068_GF,0.481
WND_13365_GF,0.147
SUN_13365_GF,0.481
WND_13353_GF,0.147
SUN_13353_GF,0.481
WND_1035_GF,0.147
SUN_1035_GF,0.481
WND_13263_GF,0.147
SUN_13263_GF,0.481
WND_5020_GF,0.147
SUN_5020_GF,0.481
WND_12609_GF,0.147
SUN_12609_GF,0.481
WND_12792_GF,0.147
SUN_12792_GF,0.481
WND_3092_GF,0.147
SUN_3092_GF,0.481
WND_12821_GF,0.147
SUN_12821_GF,0.481
WND_13308_GF,0.147
SUN_13308_GF,0.481
WND_12848_GF,0.147
SUN_12848_GF,0.481
WND_12884_GF,0.147
SUN_12884_GF,0.481
WND_12930_GF,0.147
SUN_12930_GF,0.481
WND_13367_GF,0.147
SUN_13367_GF,0.481
WND_2078_GF,0.147
SUN_2078_GF,0.481
WND_3115_GF,0.147
SUN_3115_GF,0.481
WND_1039_GF,0.147
SUN_1039_GF,0.481
WND_13054_GF,0.147
SUN_13054_GF,0.481
WND_12971_GF,0.147
SUN_12971_GF,0.481
WND_12818_GF,0.147
SUN_12818_GF,0.481
WND_13158_GF,0.147
SUN_13158_GF,0.481
WND_3060_GF,0.147
SUN_3060_GF,0.481
WND_3081_GF,0.147
SUN_3081_GF,0.481
WND_12956_GF,0.147
SUN_12956_GF,0.481
WND_13374_GF,0.147
SUN_13374_GF,0.481
WND_13047_GF,0.147
SUN_13047_GF,0.481
WND_13060_GF,0.147
SUN_13060_GF,0.481
WND_13030_GF,0.147
SUN_13030_GF,0.481
WND_2042_GF,0.147
SUN_2042_GF,0.481
WND_1006_GF,0.147
SUN_1006_GF,0.481
WND_3056_GF,0.147
SUN_3056_GF,0.481
WND_12745_GF,0.147
SUN_12745_GF,0.481
WND_13129_GF,0.147
SUN_13129_GF,0.481
WND_13156_GF,0.147
SUN_13156_GF,0.481
WND_13392_GF,0.147
SUN_13392_GF,0.481
WND_13011_GF,0.147
SUN_13011_GF,0.481
WND_13168_GF,0.147
SUN_13168_GF,0.481
WND_3061_GF,0.147
SUN_3061_GF,0.481
WND_3065_GF,0.147
SUN_3065_GF,0.481
WND_1026_GF,0.147
SUN_1026_GF,0.481
WND_13279_GF,0.147
SUN_13279_GF,0.481
WND_13068_GF,0.147
SUN_13068_GF,0.481
WND_13112_GF,0.147
SUN_13112_GF,0.481
WND_13290_GF,0.147
SUN_13290_GF,0.481
WND_13199_GF,0.147
SUN_13199_GF,0.481
WND_3004_GF,0.147
SUN_3004_GF,0.481
WND_13409_GF,0.147
SUN_13409_GF,0.481
WND_13170_GF,0.147
SUN_13170_GF,0.481
WND_13197_GF,0.147
SUN_13197_GF,0.481
WND_13056_GF,0.147
SUN_13056_GF,0.481
WND_3063_GF,0.147
SUN_3063_GF,0.481
WND_12733_GF,0.147
SUN_12733_GF,0.481
WND_4177_GF,0.147
SUN_4177_GF,0.481
WND_13185_GF,0.147
SUN_13185_GF,0.481
WND_13043_GF,0.147
SUN_13043_GF,0.481
WND_13017_GF,0.147
SUN_13017_GF,0.481
WND_3074_GF,0.147
SUN_3074_GF,0.481
WND_2091_GF,0.147
SUN_2091_GF,0.481
WND_2089_GF,0.147
SUN_2089_GF,0.481
WND_1023_GF,0.147
SUN_1023_GF,0.481
WND_12966_GF,0.147
SUN_12966_GF,0.481
WND_13014_GF,0.147
SUN_13014_GF,0.481
WND_12940_GF,0.147
SUN_12940_GF,0.481
WND_12773_GF,0.147
SUN_12773_GF,0.481
WND_12802_GF,0.147
SUN_12802_GF,0.481
WND_13058_GF,0.147
SUN_13058_GF,0.481
WND_3086_GF,0.147
SUN_3086_GF,0.481
WND_3087_GF,0.147
SUN_3087_GF,0.481
WND_12809_GF,0.147
SUN_12809_GF,0.481
WND_12815_GF,0.147
SUN_12815_GF,0.481
WND_1066_GF,0.147
SUN_1066_GF,0.481
WND_13352_GF,0.147
SUN_13352_GF,0.481
WND_12959_GF,0.147
SUN_12959_GF,0.481
WND_12908_GF,0.147
SUN_12908_GF,0.481
WND_12756_GF,0.147
SUN_12756_GF,0.481
WND_12899_GF,0.147
SUN_12899_GF,0.481
WND_3098_GF,0.147
SUN_3098_GF,0.481
WND_13362_GF,0.147
SUN_13362_GF,0.481
WND_1021_GF,0.147
SUN_1021_GF,0.481
WND_13360_GF,0.147
SUN_13360_GF,0.481
WND_3112_GF,0.147
SUN_3112_GF,0.481
WND_13160_GF,0.147
SUN_13160_GF,0.481
WND_12845_GF,0.147
SUN_12845_GF,0.481
WND_12938_GF,0.147
SUN_12938_GF,0.481
WND_12856_GF,0.147
SUN_12856_GF,0.481
WND_12859_GF,0.147
SUN_12859_GF,0.481
WND_12839_GF,0.147
SUN_12839_GF,0.481
WND_3095_GF,0.147
SUN_3095_GF,0.481
WND_12812_GF,0.147
SUN_12812_GF,0.481
WND_12800_GF,0.147
SUN_12800_GF,0.481
WND_12977_GF,0.147
SUN_12977_GF,0.481
WND_2071_GF,0.147
SUN_2071_GF,0.481
WND_13005_GF,0.147
SUN_13005_GF,0.481
WND_12957_GF,0.147
SUN_12957_GF,0.481
WND_12941_GF,0.147
SUN_12941_GF,0.481
WND_13372_GF,0.147
SUN_13372_GF,0.481
WND_3039_GF,0.147
SUN_3039_GF,0.481
WND_13062_GF,0.147
SUN_13062_GF,0.481
WND_13049_GF,0.147
SUN_13049_GF,0.481
WND_1042_GF,0.147
SUN_1042_GF,0.481
WND_3034_GF,0.147
SUN_3034_GF,0.481
WND_13350_GF,0.147
SUN_13350_GF,0.481
WND_3071_GF,0.147
SUN_3071_GF,0.481
WND_12734_GF,0.147
SUN_12734_GF,0.481
WND_1057_GF,0.147
SUN_1057_GF,0.481
WND_13037_GF,0.147
SUN_13037_GF,0.481
WND_2019_GF,0.147
SUN_2019_GF,0.481
WND_13050_GF,0.147
SUN_13050_GF,0.481
WND_12647_GF,0.147
SUN_12647_GF,0.481
WND_4050_GF,0.147
SUN_4050_GF,0.481
WND_13420_GF,0.147
SUN_13420_GF,0.481
WND_13120_GF,0.147
SUN_13120_GF,0.481
WND_12979_GF,0.147
SUN_12979_GF,0.481
WND_13125_GF,0.147
SUN_13125_GF,0.481
WND_13116_GF,0.147
SUN_13116_GF,0.481
WND_13136_GF,0.147
SUN_13136_GF,0.481
WND_13134_GF,0.147
SUN_13134_GF,0.481
WND_12677_GF,0.147
SUN_12677_GF,0.481
WND_13162_GF,0.147
SUN_13162_GF,0.481
WND_13166_GF,0.147
SUN_13166_GF,0.481
WND_13351_GF,0.147
SUN_13351_GF,0.481
WND_13395_GF,0.147
SUN_13395_GF,0.481
WND_6083_GF,0.147
SUN_6083_GF,0.481
WND_6137_GF,0.147
SUN_6137_GF,0.481
WND_6082_GF,0.147
SUN_6082_GF,0.481
WND_4045_GF,0.147
SUN_4045_GF,0.481
WND_5290_GF,0.147
SUN_5290_GF,0.481
WND_2063_GF,0.147
SUN_2063_GF,0.481
WND_3106_GF,0.147
SUN_3106_GF,0.481
WND_3014_GF,0.147
SUN_3014_GF,0.481
WND_4047_GF,0.147
SUN_4047_GF,0.481
WND_6214_GF,0.147
SUN_6214_GF,0.481
WND_6213_GF,0.147
SUN_6213_GF,0.481
WND_13391_GF,0.147
SUN_13391_GF,0.481
WND_13393_GF,0.147
SUN_13393_GF,0.481
WND_4046_GF,0.147
SUN_4046_GF,0.481
WND_13414_GF,0.147
SUN_13414_GF,0.481
WND_13264_GF,0.147
SUN_13264_GF,0.481
WND_13107_GF,0.147
SUN_13107_GF,0.481
WND_13257_GF,0.147
SUN_13257_GF,0.481
WND_13278_GF,0.147
SUN_13278_GF,0.481
WND_13281_GF,0.147
SUN_13281_GF,0.481
WND_12583_GF,0.147
SUN_12583_GF,0.481
WND_12586_GF,0.147
SUN_12586_GF,0.481
WND_13250_GF,0.147
SUN_13250_GF,0.481
WND_13269_GF,0.147
SUN_13269_GF,0.481
WND_13260_GF,0.147
SUN_13260_GF,0.481
WND_13401_GF,0.147
SUN_13401_GF,0.481
WND_13413_GF,0.147
SUN_13413_GF,0.481
WND_6155_GF,0.147
SUN_6155_GF,0.481
WND_1024_GF,0.147
SUN_1024_GF,0.481
WND_13173_GF,0.147
SUN_13173_GF,0.481
WND_13411_GF,0.147
SUN_13411_GF,0.481
WND_13311_GF,0.147
SUN_13311_GF,0.481
WND_2106_GF,0.147
SUN_2106_GF,0.481
WND_12675_GF,0.147
SUN_12675_GF,0.481
WND_13316_GF,0.147
SUN_13316_GF,0.481
WND_13123_GF,0.147
SUN_13123_GF,0.481
WND_12688_GF,0.147
SUN_12688_GF,0.481
WND_13320_GF,0.147
SUN_13320_GF,0.481
WND_13422_GF,0.147
SUN_13422_GF,0.481
WND_13084_GF,0.147
SUN_13084_GF,0.481
WND_13078_GF,0.147
SUN_13078_GF,0.481
WND_13074_GF,0.147
SUN_13074_GF,0.481
WND_13072_GF,0.147
SUN_13072_GF,0.481
WND_13318_GF,0.147
SUN_13318_GF,0.481
WND_8020_GF,0.147
SUN_8020_GF,0.481
WND_13045_GF,0.147
SUN_13045_GF,0.481
WND_13424_GF,0.147
SUN_13424_GF,0.481
WND_13023_GF,0.147
SUN_13023_GF,0.481
WND_13019_GF,0.147
SUN_13019_GF,0.481
WND_12661_GF,0.147
SUN_12661_GF,0.481
WND_13007_GF,0.147
SUN_13007_GF,0.481
WND_12981_GF,0.147
SUN_12981_GF,0.481
WND_13423_GF,0.147
SUN_13423_GF,0.481
WND_5284_GF,0.147
SUN_5284_GF,0.481
WND_12968_GF,0.147
SUN_12968_GF,0.481
WND_1009_GF,0.147
SUN_1009_GF,0.481
WND_12789_GF,0.147
SUN_12789_GF,0.481
WND_12913_GF,0.147
SUN_12913_GF,0.481
WND_7230_GF,0.147
SUN_7230_GF,0.481
WND_12890_GF,0.147
SUN_12890_GF,0.481
WND_12878_GF,0.147
SUN_12878_GF,0.481
WND_13363_GF,0.147
SUN_13363_GF,0.481
WND_12875_GF,0.147
SUN_12875_GF,0.481
WND_5115_GF,0.147
SUN_5115_GF,0.481
WND_13370_GF,0.147
SUN_13370_GF,0.481
WND_5174_GF,0.147
SUN_5174_GF,0.481
WND_5081_GF,0.147
SUN_5081_GF,0.481
WND_5080_GF,0.147
SUN_5080_GF,0.481
WND_12904_GF,0.147
SUN_12904_GF,0.481
WND_12853_GF,0.147
SUN_12853_GF,0.481
WND_12915_GF,0.147
SUN_12915_GF,0.481
WND_12921_GF,0.147
SUN_12921_GF,0.481
WND_12927_GF,0.147
SUN_12927_GF,0.481
WND_12790_GF,0.147
SUN_12790_GF,0.481
WND_7116_GF,0.147
SUN_7116_GF,0.481
WND_5029_GF,0.147
SUN_5029_GF,0.481
WND_1008_GF,0.147
SUN_1008_GF,0.481
WND_12924_GF,0.147
SUN_12924_GF,0.481
WND_12911_GF,0.147
SUN_12911_GF,0.481
WND_12919_GF,0.147
SUN_12919_GF,0.481
WND_12917_GF,0.147
SUN_12917_GF,0.481
WND_12775_GF,0.147
SUN_12775_GF,0.481
WND_12769_GF,0.147
SUN_12769_GF,0.481
WND_12833_GF,0.147
SUN_12833_GF,0.481
WND_12929_GF,0.147
SUN_12929_GF,0.481
WND_12764_GF,0.147
SUN_12764_GF,0.481
WND_12892_GF,0.147
SUN_12892_GF,0.481
WND_12909_GF,0.147
SUN_12909_GF,0.481
WND_12895_GF,0.147
SUN_12895_GF,0.481
WND_13321_GF,0.147
SUN_13321_GF,0.481
WND_12954_GF,0.147
SUN_12954_GF,0.481
WND_12952_GF,0.147
SUN_12952_GF,0.481
WND_12950_GF,0.147
SUN_12950_GF,0.481
WND_12949_GF,0.147
SUN_12949_GF,0.481
WND_12947_GF,0.147
SUN_12947_GF,0.481
WND_13000_GF,0.147
SUN_13000_GF,0.481
WND_12997_GF,0.147
SUN_12997_GF,0.481
WND_13021_GF,0.147
SUN_13021_GF,0.481
WND_13024_GF,0.147
SUN_13024_GF,0.481
WND_13009_GF,0.147
SUN_13009_GF,0.481
WND_13039_GF,0.147
SUN_13039_GF,0.481
WND_1011_GF,0.147
SUN_1011_GF,0.481
WND_12946_GF,0.147
SUN_12946_GF,0.481
WND_13080_GF,0.147
SUN_13080_GF,0.481
WND_13082_GF,0.147
SUN_13082_GF,0.481
WND_13416_GF,0.147
SUN_13416_GF,0.481
WND_4133_GF,0.147
SUN_4133_GF,0.481
WND_12619_GF,0.147
SUN_12619_GF,0.481
WND_12592_GF,0.147
SUN_12592_GF,0.481
WND_13115_GF,0.147
SUN_13115_GF,0.481
WND_4121_GF,0.147
SUN_4121_GF,0.481
WND_13421_GF,0.147
SUN_13421_GF,0.481
WND_6329_GF,0.147
SUN_6329_GF,0.481
WND_6001_GF,0.147
SUN_6001_GF,0.481
WND_13418_GF,0.147
SUN_13418_GF,0.481
WND_13314_GF,0.147
SUN_13314_GF,0.481
WND_12681_GF,0.147
SUN_12681_GF,0.481
WND_12987_GF,0.147
SUN_12987_GF,0.481
WND_13388_GF,0.147
SUN_13388_GF,0.481
WND_13145_GF,0.147
SUN_13145_GF,0.481
WND_13309_GF,0.147
SUN_13309_GF,0.481
WND_12657_GF,0.147
SUN_12657_GF,0.481
WND_13390_GF,0.147
SUN_13390_GF,0.481
WND_13254_GF,0.147
SUN_13254_GF,0.481
WND_13138_GF,0.147
SUN_13138_GF,0.481
WND_13397_GF,0.147
SUN_13397_GF,0.481
WND_13187_GF,0.147
SUN_13187_GF,0.481
WND_13400_GF,0.147
SUN_13400_GF,0.481
WND_12634_GF,0.147
SUN_12634_GF,0.481
WND_13394_GF,0.147
SUN_13394_GF,0.481
WND_13399_GF,0.147
SUN_13399_GF,0.481
WND_13212_GF,0.147
SUN_13212_GF,0.481
WND_13293_GF,0.147
SUN_13293_GF,0.481
WND_13295_GF,0.147
SUN_13295_GF,0.481
WND_13368_GF,0.147
SUN_13368_GF,0.481
WND_13215_GF,0.147
SUN_13215_GF,0.481
WND_13252_GF,0.147
SUN_13252_GF,0.481
WND_13251_GF,0.147
SUN_13251_GF,0.481
WND_12545_GF,0.147
SUN_12545_GF,0.481
WND_2001_GF,0.147
SUN_2001_GF,0.481
WND_13383_GF,0.147
SUN_13383_GF,0.481
WND_13213_GF,0.147
SUN_13213_GF,0.481
WND_4100_GF,0.147
SUN_4100_GF,0.481
WND_4069_GF,0.147
SUN_4069_GF,0.481
WND_7312_GF,0.147
SUN_7312_GF,0.481
WND_7086_GF,0.147
SUN_7086_GF,0.481
WND_13408_GF,0.147
SUN_13408_GF,0.481
WND_13407_GF,0.147
SUN_13407_GF,0.481
WND_4090_GF,0.147
SUN_4090_GF,0.481
WND_8099_GF,0.147
SUN_8099_GF,0.481
WND_13398_GF,0.147
SUN_13398_GF,0.481
WND_5263_GF,0.147
SUN_5263_GF,0.481
WND_7099_GF,0.147
SUN_7099_GF,0.481
WND_7098_GF,0.147
SUN_7098_GF,0.481
WND_5262_GF,0.147
SUN_5262_GF,0.481
WND_6233_GF,0.147
SUN_6233_GF,0.481
WND_13270_GF,0.147
SUN_13270_GF,0.481
WND_6182_GF,0.147
SUN_6182_GF,0.481
WND_12577_GF,0.147
SUN_12577_GF,0.481
WND_12574_GF,0.147
SUN_12574_GF,0.481
WND_6175_GF,0.147
SUN_6175_GF,0.481
WND_4085_GF,0.147
SUN_4085_GF,0.481
WND_12561_GF,0.147
SUN_12561_GF,0.481
WND_4084_GF,0.147
SUN_4084_GF,0.481
WND_6166_GF,0.147
SUN_6166_GF,0.481
WND_4083_GF,0.147
SUN_4083_GF,0.481
WND_1050_GF,0.147
SUN_1050_GF,0.481
WND_4082_GF,0.147
SUN_4082_GF,0.481
WND_12549_GF,0.147
SUN_12549_GF,0.481
WND_6164_GF,0.147
SUN_6164_GF,0.481
WND_4077_GF,0.147
SUN_4077_GF,0.481
WND_2119_GF,0.147
SUN_2119_GF,0.481
WND_6165_GF,0.147
SUN_6165_GF,0.481
WND_13253_GF,0.147
SUN_13253_GF,0.481
WND_6167_GF,0.147
SUN_6167_GF,0.481
WND_12562_GF,0.147
SUN_12562_GF,0.481
WND_12563_GF,0.147
SUN_12563_GF,0.481
WND_13287_GF,0.147
SUN_13287_GF,0.481
WND_12537_GF,0.147
SUN_12537_GF,0.481
WND_1077_GF,0.147
SUN_1077_GF,0.481
WND_6106_GF,0.147
SUN_6106_GF,0.481
WND_4075_GF,0.147
SUN_4075_GF,0.481
WND_13296_GF,0.147
SUN_13296_GF,0.481
WND_6105_GF,0.147
SUN_6105_GF,0.481
WND_12530_GF,0.147
SUN_12530_GF,0.481
WND_12529_GF,0.147
SUN_12529_GF,0.481
WND_6104_GF,0.147
SUN_6104_GF,0.481
WND_12527_GF,0.147
SUN_12527_GF,0.481
WND_12526_GF,0.147
SUN_12526_GF,0.481
WND_6101_GF,0.147
SUN_6101_GF,0.481
WND_2117_GF,0.147
SUN_2117_GF,0.481
WND_1049_GF,0.147
SUN_1049_GF,0.481
WND_12517_GF,0.147
SUN_12517_GF,0.481
WND_2116_GF,0.147
SUN_2116_GF,0.481
WND_1076_GF,0.147
SUN_1076_GF,0.481
WND_13410_GF,0.147
SUN_13410_GF,0.481
WND_6074_GF,0.147
SUN_6074_GF,0.481
WND_6073_GF,0.147
SUN_6073_GF,0.481
WND_12508_GF,0.147
SUN_12508_GF,0.481
WND_6072_GF,0.147
SUN_6072_GF,0.481
WND_2115_GF,0.147
SUN_2115_GF,0.481
WND_12506_GF,0.147
SUN_12506_GF,0.481
WND_13312_GF,0.147
SUN_13312_GF,0.481
WND_1075_GF,0.147
SUN_1075_GF,0.481
WND_6069_GF,0.147
SUN_6069_GF,0.481
WND_8158_GF,0.147
SUN_8158_GF,0.481
WND_4060_GF,0.147
SUN_4060_GF,0.481
WND_8152_GF,0.147
SUN_8152_GF,0.481
WND_13417_GF,0.147
SUN_13417_GF,0.481
WND_6008_GF,0.147
SUN_6008_GF,0.481
WND_13126_GF,0.147
SUN_13126_GF,0.481
WND_8139_GF,0.147
SUN_8139_GF,0.481
WND_4059_GF,0.147
SUN_4059_GF,0.481
WND_8116_GF,0.147
SUN_8116_GF,0.481
WND_6007_GF,0.147
SUN_6007_GF,0.481
WND_8115_GF,0.147
SUN_8115_GF,0.481
WND_6006_GF,0.147
SUN_6006_GF,0.481
WND_4058_GF,0.147
SUN_4058_GF,0.481
WND_4052_GF,0.147
SUN_4052_GF,0.481
WND_8080_GF,0.147
SUN_8080_GF,0.481
WND_8079_GF,0.147
SUN_8079_GF,0.481
WND_8078_GF,0.147
SUN_8078_GF,0.481
WND_1048_GF,0.147
SUN_1048_GF,0.481
WND_8051_GF,0.147
SUN_8051_GF,0.481
WND_8050_GF,0.147
SUN_8050_GF,0.481
WND_8049_GF,0.147
SUN_8049_GF,0.481
WND_8046_GF,0.147
SUN_8046_GF,0.481
WND_2103_GF,0.147
SUN_2103_GF,0.481
WND_7414_GF,0.147
SUN_7414_GF,0.481
WND_12597_GF,0.147
SUN_12597_GF,0.481
WND_4035_GF,0.147
SUN_4035_GF,0.481
WND_7400_GF,0.147
SUN_7400_GF,0.481
WND_5326_GF,0.147
SUN_5326_GF,0.481
WND_1073_GF,0.147
SUN_1073_GF,0.481
WND_5325_GF,0.147
SUN_5325_GF,0.481
WND_7392_GF,0.147
SUN_7392_GF,0.481
WND_5324_GF,0.147
SUN_5324_GF,0.481
WND_12994_GF,0.147
SUN_12994_GF,0.481
WND_7357_GF,0.147
SUN_7357_GF,0.481
WND_7353_GF,0.147
SUN_7353_GF,0.481
WND_1072_GF,0.147
SUN_1072_GF,0.481
WND_12958_GF,0.147
SUN_12958_GF,0.481
WND_5282_GF,0.147
SUN_5282_GF,0.481
WND_2085_GF,0.147
SUN_2085_GF,0.481
WND_13356_GF,0.147
SUN_13356_GF,0.481
WND_7307_GF,0.147
SUN_7307_GF,0.481
WND_13357_GF,0.147
SUN_13357_GF,0.481
WND_2084_GF,0.147
SUN_2084_GF,0.481
WND_13355_GF,0.147
SUN_13355_GF,0.481
WND_5207_GF,0.147
SUN_5207_GF,0.481
WND_7184_GF,0.147
SUN_7184_GF,0.481
WND_2083_GF,0.147
SUN_2083_GF,0.481
WND_13358_GF,0.147
SUN_13358_GF,0.481
WND_7170_GF,0.147
SUN_7170_GF,0.481
WND_2082_GF,0.147
SUN_2082_GF,0.481
WND_7169_GF,0.147
SUN_7169_GF,0.481
WND_7168_GF,0.147
SUN_7168_GF,0.481
WND_7167_GF,0.147
SUN_7167_GF,0.481
WND_12862_GF,0.147
SUN_12862_GF,0.481
WND_12861_GF,0.147
SUN_12861_GF,0.481
WND_7166_GF,0.147
SUN_7166_GF,0.481
WND_7165_GF,0.147
SUN_7165_GF,0.481
WND_7164_GF,0.147
SUN_7164_GF,0.481
WND_7159_GF,0.147
SUN_7159_GF,0.481
WND_7144_GF,0.147
SUN_7144_GF,0.481
WND_12806_GF,0.147
SUN_12806_GF,0.481
WND_7137_GF,0.147
SUN_7137_GF,0.481
WND_12805_GF,0.147
SUN_12805_GF,0.481
WND_7136_GF,0.147
SUN_7136_GF,0.481
WND_7135_GF,0.147
SUN_7135_GF,0.481
WND_7133_GF,0.147
SUN_7133_GF,0.481
WND_6277_GF,0.147
SUN_6277_GF,0.481
WND_1063_GF,0.147
SUN_1063_GF,0.481
WND_5012_GF,0.147
SUN_5012_GF,0.481
WND_12761_GF,0.147
SUN_12761_GF,0.481
WND_12743_GF,0.147
SUN_12743_GF,0.481
WND_12961_GF,0.147
SUN_12961_GF,0.481
WND_1062_GF,0.147
SUN_1062_GF,0.481
WND_12742_GF,0.147
SUN_12742_GF,0.481
WND_7058_GF,0.147
SUN_7058_GF,0.481
WND_7355_GF,0.147
SUN_7355_GF,0.481
WND_12998_GF,0.147
SUN_12998_GF,0.481
WND_12741_GF,0.147
SUN_12741_GF,0.481
WND_12740_GF,0.147
SUN_12740_GF,0.481
WND_13016_GF,0.147
SUN_13016_GF,0.481
WND_7054_GF,0.147
SUN_7054_GF,0.481
WND_13377_GF,0.147
SUN_13377_GF,0.481
WND_12729_GF,0.147
SUN_12729_GF,0.481
WND_7034_GF,0.147
SUN_7034_GF,0.481
WND_12622_GF,0.147
SUN_12622_GF,0.481
WND_7033_GF,0.147
SUN_7033_GF,0.481
WND_7032_GF,0.147
SUN_7032_GF,0.481
WND_7031_GF,0.147
SUN_7031_GF,0.481
WND_4162_GF,0.147
SUN_4162_GF,0.481
WND_7029_GF,0.147
SUN_7029_GF,0.481
WND_13406_GF,0.147
SUN_13406_GF,0.481
WND_12706_GF,0.147
SUN_12706_GF,0.481
WND_12705_GF,0.147
SUN_12705_GF,0.481
WND_12702_GF,0.147
SUN_12702_GF,0.481
WND_4161_GF,0.147
SUN_4161_GF,0.481
WND_12701_GF,0.147
SUN_12701_GF,0.481
WND_7024_GF,0.147
SUN_7024_GF,0.481
WND_12692_GF,0.147
SUN_12692_GF,0.481
WND_12689_GF,0.147
SUN_12689_GF,0.481
WND_1074_GF,0.147
SUN_1074_GF,0.481
WND_2024_GF,0.147
SUN_2024_GF,0.481
WND_7007_GF,0.147
SUN_7007_GF,0.481
WND_7005_GF,0.147
SUN_7005_GF,0.481
WND_4116_GF,0.147
SUN_4116_GF,0.481
WND_6304_GF,0.147
SUN_6304_GF,0.481
WND_6302_GF,0.147
SUN_6302_GF,0.481
WND_2023_GF,0.147
SUN_2023_GF,0.481
WND_6301_GF,0.147
SUN_6301_GF,0.481
WND_12623_GF,0.147
SUN_12623_GF,0.481
WND_12673_GF,0.147
SUN_12673_GF,0.481
WND_6297_GF,0.147
SUN_6297_GF,0.481
WND_12672_GF,0.147
SUN_12672_GF,0.481
WND_12671_GF,0.147
SUN_12671_GF,0.481
WND_6296_GF,0.147
SUN_6296_GF,0.481
WND_12670_GF,0.147
SUN_12670_GF,0.481
WND_12669_GF,0.147
SUN_12669_GF,0.481
WND_4103_GF,0.147
SUN_4103_GF,0.481
WND_12507_GF,0.147
SUN_12507_GF,0.481
WND_1052_GF,0.147
SUN_1052_GF,0.481
WND_12645_GF,0.147
SUN_12645_GF,0.481
WND_12644_GF,0.147
SUN_12644_GF,0.481
WND_6260_GF,0.147
SUN_6260_GF,0.481
WND_12628_GF,0.147
SUN_12628_GF,0.481
WND_6259_GF,0.147
SUN_6259_GF,0.481
WND_12627_GF,0.147
SUN_12627_GF,0.481
WND_12626_GF,0.147
SUN_12626_GF,0.481
WND_6258_GF,0.147
SUN_6258_GF,0.481
WND_6257_GF,0.147
SUN_6257_GF,0.481
WND_1051_GF,0.147
SUN_1051_GF,0.481
WND_6254_GF,0.147
SUN_6254_GF,0.481
WND_12616_GF,0.147
SUN_12616_GF,0.481
WND_12614_GF,0.147
SUN_12614_GF,0.481
WND_12612_GF,0.147
SUN_12612_GF,0.481
WND_2118_GF,0.147
SUN_2118_GF,0.481
WND_12611_GF,0.147
SUN_12611_GF,0.481
WND_12610_GF,0.147
SUN_12610_GF,0.481
WND_6242_GF,0.147
SUN_6242_GF,0.481
WND_12643_GF,0.147
SUN_12643_GF,0.481
WND_13376_GF,0.147
SUN_13376_GF,0.481
WND_13345_GF,0.147
SUN_13345_GF,0.481
WND_13344_GF,0.147
SUN_13344_GF,0.481
WND_13336_GF,0.147
SUN_13336_GF,0.481
WND_13327_GF,0.147
SUN_13327_GF,0.481
WND_4102_GF,0.147
SUN_4102_GF,0.481
WND_13324_GF,0.147
SUN_13324_GF,0.481
WND_12589_GF,0.147
SUN_12589_GF,0.481
WND_13323_GF,0.147
SUN_13323_GF,0.481
WND_13307_GF,0.147
SUN_13307_GF,0.481
WND_13305_GF,0.147
SUN_13305_GF,0.481
WND_13303_GF,0.147
SUN_13303_GF,0.481
WND_13298_GF,0.147
SUN_13298_GF,0.481
WND_6168_GF,0.147
SUN_6168_GF,0.481
WND_6116_GF,0.147
SUN_6116_GF,0.481
WND_13233_GF,0.147
SUN_13233_GF,0.481
WND_13231_GF,0.147
SUN_13231_GF,0.481
WND_13229_GF,0.147
SUN_13229_GF,0.481
WND_13227_GF,0.147
SUN_13227_GF,0.481
WND_13225_GF,0.147
SUN_13225_GF,0.481
WND_13223_GF,0.147
SUN_13223_GF,0.481
WND_13221_GF,0.147
SUN_13221_GF,0.481
WND_13219_GF,0.147
SUN_13219_GF,0.481
WND_13182_GF,0.147
SUN_13182_GF,0.481
WND_4068_GF,0.147
SUN_4068_GF,0.481
WND_4067_GF,0.147
SUN_4067_GF,0.481
WND_4065_GF,0.147
SUN_4065_GF,0.481
WND_13128_GF,0.147
SUN_13128_GF,0.481
WND_6027_GF,0.147
SUN_6027_GF,0.481
WND_8141_GF,0.147
SUN_8141_GF,0.481
WND_13094_GF,0.147
SUN_13094_GF,0.481
WND_13090_GF,0.147
SUN_13090_GF,0.481
WND_13088_GF,0.147
SUN_13088_GF,0.481
WND_13086_GF,0.147
SUN_13086_GF,0.481
WND_13332_GF,0.147
SUN_13332_GF,0.481
WND_13338_GF,0.147
SUN_13338_GF,0.481
WND_13340_GF,0.147
SUN_13340_GF,0.481
WND_13028_GF,0.147
SUN_13028_GF,0.481
WND_12993_GF,0.147
SUN_12993_GF,0.481
WND_4007_GF,0.147
SUN_4007_GF,0.481
WND_12969_GF,0.147
SUN_12969_GF,0.481
WND_3120_GF,0.147
SUN_3120_GF,0.481
WND_12944_GF,0.147
SUN_12944_GF,0.481
WND_12881_GF,0.147
SUN_12881_GF,0.481
WND_12786_GF,0.147
SUN_12786_GF,0.481
WND_12782_GF,0.147
SUN_12782_GF,0.481
WND_12759_GF,0.147
SUN_12759_GF,0.481
WND_1033_GF,0.147
SUN_1033_GF,0.481
WND_12720_GF,0.147
SUN_12720_GF,0.481
WND_12711_GF,0.147
SUN_12711_GF,0.481
WND_12680_GF,0.147
SUN_12680_GF,0.481
WND_4111_GF,0.147
SUN_4111_GF,0.481
WND_12666_GF,0.147
SUN_12666_GF,0.481
WND_12662_GF,0.147
SUN_12662_GF,0.481
WND_13428_GF,0.147
SUN_13428_GF,0.481
WND_13427_GF,0.147
SUN_13427_GF,0.481
WND_13425_GF,0.147
SUN_13425_GF,0.481
WND_12658_GF,0.147
SUN_12658_GF,0.481
WND_13415_GF,0.147
SUN_13415_GF,0.481
WND_13412_GF,0.147
SUN_13412_GF,0.481
WND_13403_GF,0.147
SUN_13403_GF,0.481
WND_12641_GF,0.147
SUN_12641_GF,0.481
WND_13389_GF,0.147
SUN_13389_GF,0.481
WND_13386_GF,0.147
SUN_13386_GF,0.481
WND_5049_GF,0.147
SUN_5049_GF,0.481
WND_12727_GF,0.147
SUN_12727_GF,0.481
WND_12726_GF,0.147
SUN_12726_GF,0.481
WND_12725_GF,0.147
SUN_12725_GF,0.481
WND_12723_GF,0.147
SUN_12723_GF,0.481
WND_12722_GF,0.147
SUN_12722_GF,0.481
WND_12525_GF,0.147
SUN_12525_GF,0.481
WND_12524_GF,0.147
SUN_12524_GF,0.481
WND_6080_GF,0.147
SUN_6080_GF,0.481
WND_6079_GF,0.147
SUN_6079_GF,0.481
WND_6078_GF,0.147
SUN_6078_GF,0.481
WND_12504_GF,0.147
SUN_12504_GF,0.481
WND_12503_GF,0.147
SUN_12503_GF,0.481
WND_12502_GF,0.147
SUN_12502_GF,0.481
WND_8088_GF,0.147
SUN_8088_GF,0.481
WND_8087_GF,0.147
SUN_8087_GF,0.481
WND_8071_GF,0.147
SUN_8071_GF,0.481
WND_8070_GF,0.147
SUN_8070_GF,0.481
WND_5360_GF,0.147
SUN_5360_GF,0.481
WND_4030_GF,0.147
SUN_4030_GF,0.481
WND_4026_GF,0.147
SUN_4026_GF,0.481
WND_7349_GF,0.147
SUN_7349_GF,0.481
WND_12777_GF,0.147
SUN_12777_GF,0.481
WND_12776_GF,0.147
SUN_12776_GF,0.481
BESS_13345_1,0.8
BESS_13344_1,0.8
BESS_12594_BA,0.8
BESS_13336_1,0.8
BESS_13327_NF,0.8
BESS_4102_1,0.8
BESS_13324_1,0.8
BESS_12589_1,0.8
BESS_13323_1,0.8
BESS_13307_1,0.8
BESS_13305_BA,0.8
BESS_13303_BA,0.8
BESS_13298_1,0.8
BESS_6168_1,0.8
BESS_1090_2,0.8
BESS_6116_1,0.8
BESS_13233_1,0.8
BESS_13231_1,0.8
BESS_13229_1,0.8
BESS_13227_1,0.8
BESS_13225_1,0.8
BESS_13223_1,0.8
BESS_13221_1,0.8
BESS_13219_1,0.8
BESS_13182_1,0.8
BESS_4068_1,0.8
BESS_4067_1,0.8
BESS_4065_1,0.8
BESS_13128_1,0.8
BESS_6027_1,0.8
BESS_8141_1,0.8
BESS_13094_1,0.8
BESS_13090_1,0.8
BESS_13088_1,0.8
BESS_13086_1,0.8
BESS_13332_1,0.8
BESS_13338_1,0.8
BESS_13340_1,0.8
BESS_13028_BA,0.8
BESS_12993_1,0.8
BESS_4007_1,0.8
BESS_12969_1,0.8
BESS_3120_1,0.8
BESS_12944_1,0.8
BESS_12881_1,0.8
BESS_12786_1,0.8
BESS_12782_1,0.8
BESS_12759_1,0.8
BESS_1033_BA,0.8
BESS_12720_1,0.8
BESS_12711_1,0.8
BESS_12680_1,0.8
BESS_4111_1,0.8
BESS_12666_1,0.8
BESS_12662_1,0.8
BESS_13428_1,0.8
BESS_13427_1,0.8
BESS_13425_1,0.8
BESS_12658_1,0.8
BESS_13415_1,0.8
BESS_13412_1,0.8
BESS_13403_1,0.8
BESS_12641_1,0.8
BESS_13397_2,0.8
BESS_13389_BA,0.8
BESS_13386_1,0.8
BESS_13246_GF,0.8
BESS_13205_GF,0.8
BESS_3017_GF,0.8
BESS_13248_GF,0.8
BESS_13195_GF,0.8
BESS_13143_GF,0.8
BESS_13076_GF,0.8
BESS_13288_GF,0.8
BESS_3020_GF,0.8
BESS_13396_GF,0.8
BESS_13035_GF,0.8
BESS_13132_GF,0.8
BESS_13258_GF,0.8
BESS_3062_GF,0.8
BESS_5170_GF,0.8
BESS_13033_GF,0.8
BESS_12595_GF,0.8
BESS_4010_GF,0.8
BESS_2062_GF,0.8
BESS_4166_GF,0.8
BESS_13240_GF,0.8
BESS_2013_GF,0.8
BESS_13208_GF,0.8
BESS_13042_GF,0.8
BESS_13262_GF,0.8
BESS_13284_GF,0.8
BESS_13283_GF,0.8
BESS_3113_GF,0.8
BESS_12907_GF,0.8
BESS_13405_GF,0.8
BESS_1067_GF,0.8
BESS_12631_GF,0.8
BESS_12960_GF,0.8
BESS_12985_GF,0.8
BESS_2099_GF,0.8
BESS_3122_GF,0.8
BESS_13066_GF,0.8
BESS_4153_GF,0.8
BESS_3117_GF,0.8
BESS_13419_GF,0.8
BESS_12964_GF,0.8
BESS_13150_GF,0.8
BESS_12737_GF,0.8
BESS_12753_GF,0.8
BESS_12638_GF,0.8
BESS_1090_GF,0.8
BESS_13172_GF,0.8
BESS_13201_GF,0.8
BESS_13299_GF,0.8
BESS_13130_GF,0.8
BESS_13180_GF,0.8
BESS_12594_GF,0.8
BESS_13048_GF,0.8
BESS_12868_GF,0.8
BESS_3068_GF,0.8
BESS_13365_GF,0.8
BESS_13353_GF,0.8
BESS_1035_GF,0.8
BESS_13263_GF,0.8
BESS_5020_GF,0.8
BESS_12609_GF,0.8
BESS_12792_GF,0.8
BESS_3092_GF,0.8
BESS_12821_GF,0.8
BESS_13308_GF,0.8
BESS_12848_GF,0.8
BESS_12884_GF,0.8
BESS_12930_GF,0.8
BESS_13367_GF,0.8
BESS_2078_GF,0.8
BESS_3115_GF,0.8
BESS_1039_GF,0.8
BESS_13054_GF,0.8
BESS_12971_GF,0.8
BESS_12818_GF,0.8
BESS_13158_GF,0.8
BESS_3060_GF,0.8
BESS_3081_GF,0.8
BESS_12956_GF,0.8
BESS_13374_GF,0.8
BESS_13047_GF,0.8
BESS_13060_GF,0.8
BESS_13030_GF,0.8
BESS_2042_GF,0.8
BESS_1006_GF,0.8
BESS_3056_GF,0.8
BESS_12745_GF,0.8
BESS_13129_GF,0.8
BESS_13156_GF,0.8
BESS_13392_GF,0.8
BESS_13011_GF,0.8
BESS_13168_GF,0.8
BESS_3061_GF,0.8
BESS_3065_GF,0.8
BESS_1026_GF,0.8
BESS_13279_GF,0.8
BESS_13068_GF,0.8
BESS_13112_GF,0.8
BESS_13290_GF,0.8
BESS_13199_GF,0.8
BESS_3004_GF,0.8
BESS_13409_GF,0.8
BESS_13170_GF,0.8
BESS_13197_GF,0.8
BESS_13056_GF,0.8
BESS_3063_GF,0.8
BESS_12733_GF,0.8
BESS_4177_GF,0.8
BESS_13185_GF,0.8
BESS_13043_GF,0.8
BESS_13017_GF,0.8
BESS_3074_GF,0.8
BESS_2091_GF,0.8
BESS_2089_GF,0.8
BESS_1023_GF,0.8
BESS_12966_GF,0.8
BESS_13014_GF,0.8
BESS_12940_GF,0.8
BESS_12773_GF,0.8
BESS_12802_GF,0.8
BESS_13058_GF,0.8
BESS_3086_GF,0.8
BESS_3087_GF,0.8
BESS_12809_GF,0.8
BESS_12815_GF,0.8
BESS_1066_GF,0.8
BESS_13352_GF,0.8
BESS_12959_GF,0.8
BESS_12908_GF,0.8
BESS_12756_GF,0.8
BESS_12899_GF,0.8
BESS_3098_GF,0.8
BESS_13362_GF,0.8
BESS_1021_GF,0.8
BESS_13360_GF,0.8
BESS_3112_GF,0.8
BESS_13160_GF,0.8
BESS_12845_GF,0.8
BESS_12938_GF,0.8
BESS_12856_GF,0.8
BESS_12859_GF,0.8
BESS_12839_GF,0.8
BESS_3095_GF,0.8
BESS_12812_GF,0.8
BESS_12800_GF,0.8
BESS_12977_GF,0.8
BESS_2071_GF,0.8
BESS_13005_GF,0.8
BESS_12957_GF,0.8
BESS_12941_GF,0.8
BESS_13372_GF,0.8
BESS_3039_GF,0.8
BESS_13062_GF,0.8
BESS_13049_GF,0.8
BESS_1042_GF,0.8
BESS_3034_GF,0.8
BESS_13350_GF,0.8
BESS_3071_GF,0.8
BESS_12734_GF,0.8
BESS_1057_GF,0.8
BESS_13037_GF,0.8
BESS_2019_GF,0.8
BESS_13050_GF,0.8
BESS_12647_GF,0.8
BESS_4050_GF,0.8
BESS_13420_GF,0.8
BESS_13120_GF,0.8
BESS_12979_GF,0.8
BESS_13125_GF,0.8
BESS_13116_GF,0.8
BESS_13136_GF,0.8
BESS_13134_GF,0.8
BESS_12677_GF,0.8
BESS_13162_GF,0.8
BESS_13166_GF,0.8
BESS_13351_GF,0.8
BESS_13395_GF,0.8
BESS_6083_GF,0.8
BESS_6137_GF,0.8
BESS_6082_GF,0.8
BESS_4045_GF,0.8
BESS_5290_GF,0.8
BESS_2063_GF,0.8
BESS_3106_GF,0.8
BESS_3014_GF,0.8
BESS_4047_GF,0.8
BESS_6214_GF,0.8
BESS_6213_GF,0.8
BESS_13391_GF,0.8
BESS_13393_GF,0.8
BESS_4046_GF,0.8
BESS_13414_GF,0.8
BESS_13264_GF,0.8
BESS_13107_GF,0.8
BESS_13257_GF,0.8
BESS_13278_GF,0.8
BESS_13281_GF,0.8
BESS_12583_GF,0.8
BESS_12586_GF,0.8
BESS_13250_GF,0.8
BESS_13269_GF,0.8
BESS_13260_GF,0.8
BESS_13401_GF,0.8
BESS_13413_GF,0.8
BESS_6155_GF,0.8
BESS_1024_GF,0.8
BESS_13173_GF,0.8
BESS_13411_GF,0.8
BESS_13311_GF,0.8
BESS_2106_GF,0.8
BESS_12675_GF,0.8
BESS_13316_GF,0.8
BESS_13123_GF,0.8
BESS_12688_GF,0.8
BESS_13320_GF,0.8
BESS_13422_GF,0.8
BESS_13084_GF,0.8
BESS_13078_GF,0.8
BESS_13074_GF,0.8
BESS_13072_GF,0.8
BESS_13318_GF,0.8
BESS_8020_GF,0.8
BESS_13045_GF,0.8
BESS_13424_GF,0.8
BESS_13023_GF,0.8
BESS_13019_GF,0.8
BESS_12661_GF,0.8
BESS_13007_GF,0.8
BESS_12981_GF,0.8
BESS_13423_GF,0.8
BESS_5284_GF,0.8
BESS_12968_GF,0.8
BESS_1009_GF,0.8
BESS_12789_GF,0.8
BESS_12913_GF,0.8
BESS_7230_GF,0.8
BESS_12890_GF,0.8
BESS_12878_GF,0.8
BESS_13363_GF,0.8
BESS_12875_GF,0.8
BESS_5115_GF,0.8
BESS_13370_GF,0.8
BESS_5174_GF,0.8
BESS_5081_GF,0.8
BESS_5080_GF,0.8
BESS_12904_GF,0.8
BESS_12853_GF,0.8
BESS_12915_GF,0.8
BESS_12921_GF,0.8
BESS_12927_GF,0.8
BESS_12790_GF,0.8
BESS_7116_GF,0.8
BESS_5029_GF,0.8
BESS_1008_GF,0.8
BESS_12924_GF,0.8
BESS_12911_GF,0.8
BESS_12919_GF,0.8
BESS_12917_GF,0.8
BESS_12775_GF,0.8
BESS_12769_GF,0.8
BESS_12833_GF,0.8
BESS_12929_GF,0.8
BESS_12764_GF,0.8
BESS_12892_GF,0.8
BESS_12909_GF,0.8
BESS_12895_GF,0.8
BESS_13321_GF,0.8
BESS_12954_GF,0.8
BESS_12952_GF,0.8
BESS_12950_GF,0.8
BESS_12949_GF,0.8
BESS_12947_GF,0.8
BESS_13000_GF,0.8
BESS_12997_GF,0.8
BESS_13021_GF,0.8
BESS_13024_GF,0.8
BESS_13009_GF,0.8
BESS_13039_GF,0.8
BESS_1011_GF,0.8
BESS_12946_GF,0.8
BESS_13080_GF,0.8
BESS_13082_GF,0.8
BESS_13416_GF,0.8
BESS_4133_GF,0.8
BESS_12619_GF,0.8
BESS_12592_GF,0.8
BESS_13115_GF,0.8
BESS_4121_GF,0.8
BESS_13421_GF,0.8
BESS_6329_GF,0.8
BESS_6001_GF,0.8
BESS_13418_GF,0.8
BESS_13314_GF,0.8
BESS_12681_GF,0.8
BESS_12987_GF,0.8
BESS_13388_GF,0.8
BESS_13145_GF,0.8
BESS_13309_GF,0.8
BESS_12657_GF,0.8
BESS_13390_GF,0.8
BESS_13254_GF,0.8
BESS_13138_GF,0.8
BESS_13397_GF,0.8
BESS_13187_GF,0.8
BESS_13400_GF,0.8
BESS_12634_GF,0.8
BESS_13394_GF,0.8
BESS_13399_GF,0.8
BESS_13212_GF,0.8
BESS_13293_GF,0.8
BESS_13295_GF,0.8
BESS_13368_GF,0.8
BESS_13215_GF,0.8
BESS_13252_GF,0.8
BESS_13251_GF,0.8
BESS_12545_GF,0.8
BESS_2001_GF,0.8
BESS_13383_GF,0.8
BESS_13213_GF,0.8
BESS_4100_GF,0.8
BESS_4069_GF,0.8
BESS_7312_GF,0.8
BESS_7086_GF,0.8
BESS_13408_GF,0.8
BESS_13407_GF,0.8
BESS_4090_GF,0.8
BESS_8099_GF,0.8
BESS_13398_GF,0.8
BESS_5263_GF,0.8
BESS_7099_GF,0.8
BESS_7098_GF,0.8
BESS_5262_GF,0.8
BESS_6233_GF,0.8
BESS_13270_GF,0.8
BESS_6182_GF,0.8
BESS_12577_GF,0.8
BESS_12574_GF,0.8
BESS_6175_GF,0.8
BESS_4085_GF,0.8
BESS_12561_GF,0.8
BESS_4084_GF,0.8
BESS_6166_GF,0.8
BESS_4083_GF,0.8
BESS_1050_GF,0.8
BESS_4082_GF,0.8
BESS_12549_GF,0.8
BESS_6164_GF,0.8
BESS_4077_GF,0.8
BESS_2119_GF,0.8
BESS_6165_GF,0.8
BESS_13253_GF,0.8
BESS_6167_GF,0.8
BESS_12562_GF,0.8
BESS_12563_GF,0.8
BESS_13287_GF,0.8
BESS_12537_GF,0.8
BESS_1077_GF,0.8
BESS_6106_GF,0.8
BESS_4075_GF,0.8
BESS_13296_GF,0.8
BESS_6105_GF,0.8
BESS_12530_GF,0.8
BESS_12529_GF,0.8
BESS_6104_GF,0.8
BESS_12527_GF,0.8
BESS_12526_GF,0.8
BESS_6101_GF,0.8
BESS_2117_GF,0.8
BESS_1049_GF,0.8
BESS_12517_GF,0.8
BESS_2116_GF,0.8
BESS_1076_GF,0.8
BESS_13410_GF,0.8
BESS_6074_GF,0.8
BESS_6073_GF,0.8
BESS_12508_GF,0.8
BESS_6072_GF,0.8
BESS_2115_GF,0.8
BESS_12506_GF,0.8
BESS_13312_GF,0.8
BESS_1075_GF,0.8
BESS_6069_GF,0.8
BESS_8158_GF,0.8
BESS_4060_GF,0.8
BESS_8152_GF,0.8
BESS_13417_GF,0.8
BESS_6008_GF,0.8
BESS_13126_GF,0.8
BESS_8139_GF,0.8
BESS_4059_GF,0.8
BESS_8116_GF,0.8
BESS_6007_GF,0.8
BESS_8115_GF,0.8
BESS_6006_GF,0.8
BESS_4058_GF,0.8
BESS_4052_GF,0.8
BESS_8080_GF,0.8
BESS_8079_GF,0.8
BESS_8078_GF,0.8
BESS_1048_GF,0.8
BESS_8051_GF,0.8
BESS_8050_GF,0.8
BESS_8049_GF,0.8
BESS_8046_GF,0.8
BESS_2103_GF,0.8
BESS_7414_GF,0.8
BESS_12597_GF,0.8
BESS_4035_GF,0.8
BESS_7400_GF,0.8
BESS_5326_GF,0.8
BESS_1073_GF,0.8
BESS_5325_GF,0.8
BESS_7392_GF,0.8
BESS_5324_GF,0.8
BESS_12994_GF,0.8
BESS_7357_GF,0.8
BESS_7353_GF,0.8
BESS_1072_GF,0.8
BESS_12958_GF,0.8
BESS_5282_GF,0.8
BESS_2085_GF,0.8
BESS_13356_GF,0.8
BESS_7307_GF,0.8
BESS_13357_GF,0.8
BESS_2084_GF,0.8
BESS_13355_GF,0.8
BESS_5207_GF,0.8
BESS_7184_GF,0.8
BESS_2083_GF,0.8
BESS_13358_GF,0.8
BESS_7170_GF,0.8
BESS_2082_GF,0.8
BESS_7169_GF,0.8
BESS_7168_GF,0.8
BESS_7167_GF,0.8
BESS_12862_GF,0.8
BESS_12861_GF,0.8
BESS_7166_GF,0.8
BESS_7165_GF,0.8
BESS_7164_GF,0.8
BESS_7159_GF,0.8
BESS_7144_GF,0.8
BESS_12806_GF,0.8
BESS_7137_GF,0.8
BESS_12805_GF,0.8
BESS_7136_GF,0.8
BESS_7135_GF,0.8
BESS_7133_GF,0.8
BESS_6277_GF,0.8
BESS_1063_GF,0.8
BESS_5012_GF,0.8
BESS_12761_GF,0.8
BESS_12743_GF,0.8
BESS_12961_GF,0.8
BESS_1062_GF,0.8
BESS_12742_GF,0.8
BESS_7058_GF,0.8
BESS_7355_GF,0.8
BESS_12998_GF,0.8
BESS_12741_GF,0.8
BESS_12740_GF,0.8
BESS_13016_GF,0.8
BESS_7054_GF,0.8
BESS_13377_GF,0.8
BESS_12729_GF,0.8
BESS_7034_GF,0.8
BESS_12622_GF,0.8
BESS_7033_GF,0.8
BESS_7032_GF,0.8
BESS_7031_GF,0.8
BESS_4162_GF,0.8
BESS_7029_GF,0.8
BESS_13406_GF,0.8
BESS_12706_GF,0.8
BESS_12705_GF,0.8
BESS_12702_GF,0.8
BESS_4161_GF,0.8
BESS_12701_GF,0.8
BESS_7024_GF,0.8
BESS_12692_GF,0.8
BESS_12689_GF,0.8
BESS_1074_GF,0.8
BESS_2024_GF,0.8
BESS_7007_GF,0.8
BESS_7005_GF,0.8
BESS_4116_GF,0.8
BESS_6304_GF,0.8
BESS_6302_GF,0.8
BESS_2023_GF,0.8
BESS_6301_GF,0.8
BESS_12623_GF,0.8
BESS_12673_GF,0.8
BESS_6297_GF,0.8
BESS_12672_GF,0.8
BESS_12671_GF,0.8
BESS_6296_GF,0.8
BESS_12670_GF,0.8
BESS_12669_GF,0.8
BESS_4103_GF,0.8
BESS_12507_GF,0.8
BESS_1052_GF,0.8
BESS_12645_GF,0.8
BESS_12644_GF,0.8
BESS_6260_GF,0.8
BESS_12628_GF,0.8
BESS_6259_GF,0.8
BESS_12627_GF,0.8
BESS_12626_GF,0.8
BESS_6258_GF,0.8
BESS_6257_GF,0.8
BESS_1051_GF,0.8
BESS_6254_GF,0.8
BESS_12616_GF,0.8
BESS_12614_GF,0.8
BESS_12612_GF,0.8
BESS_2118_GF,0.8
BESS_12611_GF,0.8
BESS_12610_GF,0.8
BESS_6242_GF,0.8
BESS_12643_GF,0.8
BESS_13376_GF,0.8
BESS_13345_GF,0.8
BESS_13344_GF,0.8
BESS_13336_GF,0.8
BESS_13327_GF,0.8
BESS_4102_GF,0.8
BESS_13324_GF,0.8
BESS_12589_GF,0.8
BESS_13323_GF,0.8
BESS_13307_GF,0.8
BESS_13305_GF,0.8
BESS_13303_GF,0.8
BESS_13298_GF,0.8
BESS_6168_GF,0.8
BESS_6116_GF,0.8
BESS_13233_GF,0.8
BESS_13231_GF,0.8
BESS_13229_GF,0.8
BESS_13227_GF,0.8
BESS_13225_GF,0.8
BESS_13223_GF,0.8
BESS_13221_GF,0.8
BESS_13219_GF,0.8
BESS_13182_GF,0.8
BESS_4068_GF,0.8
BESS_4067_GF,0.8
BESS_4065_GF,0.8
BESS_13128_GF,0.8
BESS_6027_GF,0.8
BESS_8141_GF,0.8
BESS_13094_GF,0.8
BESS_13090_GF,0.8
BESS_13088_GF,0.8
BESS_13086_GF,0.8
BESS_13332_GF,0.8
BESS_13338_GF,0.8
BESS_13340_GF,0.8
BESS_13028_GF,0.8
BESS_12993_GF,0.8
BESS_4007_GF,0.8
BESS_12969_GF,0.8
BESS_3120_GF,0.8
BESS_12944_GF,0.8
BESS_12881_GF,0.8
BESS_12786_GF,0.8
BESS_12782_GF,0.8
BESS_12759_GF,0.8
BESS_1033_GF,0.8
BESS_12720_GF,0.8
BESS_12711_GF,0.8
BESS_12680_GF,0.8
BESS_4111_GF,0.8
BESS_12666_GF,0.8
BESS_12662_GF,0.8
BESS_13428_GF,0.8
BESS_13427_GF,0.8
BESS_13425_GF,0.8
BESS_12658_GF,0.8
BESS_13415_GF,0.8
BESS_13412_GF,0.8
BESS_13403_GF,0.8
BESS_12641_GF,0.8
BESS_13389_GF,0.8
BESS_13386_GF,0.8
BESS_5049_GF,0.8
BESS_12727_GF,0.8
BESS_12726_GF,0.8
BESS_12725_GF,0.8
BESS_12723_GF,0.8
BESS_12722_GF,0.8
BESS_12525_GF,0.8
BESS_12524_GF,0.8
BESS_6080_GF,0.8
BESS_6079_GF,0.8
BESS_6078_GF,0.8
BESS_12504_GF,0.8
BESS_12503_GF,0.8
BESS_12502_GF,0.8
BESS_8088_GF,0.8
BESS_8087_GF,0.8
BESS_8071_GF,0.8
BESS_8070_GF,0.8
BESS_5360_GF,0.8
BESS_4030_GF,0.8
BESS_4026_GF,0.8
BESS_7349_GF,0.8
BESS_12777_GF,0.8
BESS_12776_GF,0.8
WAT_6083_2,1.0
WAT_6137_3,1.0
WAT_6082_1,1.0
WAT_4045_1,1.0
WAT_5290_2,1.0
WAT_5290_1,1.0
WAT_2063_2,1.0
WAT_3106_2,1.0
WAT_3014_1,1.0
WAT_4047_3,1.0
WAT_6214_2,1.0
WAT_2063_1,1.0
WAT_6213_1,1.0
WAT_13391_1,1.0
WAT_13393_1,1.0
WAT_13393_2,1.0
WAT_13391_2,1.0
WAT_4046_2,1.0
WAT_6137_1,1.0
